-- ----------- Xóa Bảng ----------- --
DROP TABLE CHITIETHOADON;
DROP TABLE HOADON;
DROP TABLE LICHSUVIPHAM;
DROP TABLE VIPHAM;
DROP TABLE THEETAG;
DROP TABLE LOAIVE;
DROP TABLE TAIKHOAN;
DROP TABLE XE;
DROP TABLE PHUONGTIENTHUPHI;
DROP TABLE NHANVIEN;
DROP TABLE CHUCVU;
DROP TABLE TRAMTHUPHIBOT;
DROP TABLE TINHTHANH;
DROP TABLE KHACHHANG;

-- ----------- Tạo Các Bảng ----------- --
CREATE TABLE TINHTHANH (
    MaTinh VARCHAR2(6),
    TenTinh VARCHAR2(25),
    CONSTRAINT PK_TINHTHANH_MaTinh PRIMARY KEY (MaTinh)
);

CREATE TABLE TRAMTHUPHIBOT ( 
    MaTram VARCHAR2(6),
    TenTram VARCHAR2(25),
    DiaChi VARCHAR2(100),
    MaTinh VARCHAR2(6),
    TuyenDuong VARCHAR2(50),
    CONSTRAINT PK_TRAMTHUPHIBOT_Manv PRIMARY KEY (MaTram),
    CONSTRAINT FK_TRAMTHUPHIBOT_MaTinh FOREIGN KEY (MaTinh) REFERENCES TINHTHANH
);

CREATE TABLE CHUCVU ( 
    MaCV VARCHAR2(6),
    TenCV VARCHAR2(25),
    CONSTRAINT PK_CHUCVU_MaCV PRIMARY KEY (MaCV)
);

CREATE TABLE NHANVIEN( 
    MaNV VARCHAR2(6),
    HoNV VARCHAR2(20),
    TenNV VARCHAR2(25),
    GioiTinhNV VARCHAR2(25),
    DiaChiNV VARCHAR2(100),
    EmailNV VARCHAR2(25),
    SDTNV VARCHAR2(20),
    NgaySinhNV DATE,
    NgayVaoLam DATE,
    Luong  NUMBER(12),
    CCCDNV VARCHAR2(20),
    MaCV VARCHAR2(6),
    MaTram  VARCHAR2(6),
    CONSTRAINT PK_NhanVien_Manv PRIMARY KEY (MaNV),
    CONSTRAINT NhanVien_GioiTinh CHECK (GioiTinhNV IN ('Nam', N'Nữ')),
    CONSTRAINT NhanVien_Luong CHECK (Luong > 0),
    CONSTRAINT NhanVien_Email UNIQUE (EmailNV),
    CONSTRAINT NhanVien_CCCD UNIQUE (CCCDNV),    
    CONSTRAINT FK_NhanVien_MaCV FOREIGN KEY (MaCV) REFERENCES CHUCVU,
    CONSTRAINT FK_NhanVien_MaTram FOREIGN KEY (MaTram) REFERENCES TRAMTHUPHIBOT
);

CREATE TABLE PHUONGTIENTHUPHI(
    MaLoaiXe VARCHAR2(6),
    GhiChu NVARCHAR2(150)	,
    CONSTRAINT PK_PHUONGTIENTHUPHI_MaLoaiXe PRIMARY KEY (MaLoaiXe)
);

CREATE TABLE KHACHHANG(
    MaKH VARCHAR2(6),
    HoKH VARCHAR2(20),
    TenKH VARCHAR2(25),
    NgaySinhKH DATE,
    GioiTinhKH VARCHAR2(25),
    DiaChiKH VARCHAR2(100),
    EmailKH VARCHAR2(25),
    SDTKH VARCHAR2(20),
    CCCDKH VARCHAR2(20),
    CONSTRAINT PK_KhachHang_MaKH PRIMARY KEY (MaKH),
    CONSTRAINT KhachHang_GioiTinh CHECK (GioiTinhKH IN ('Nam', N'Nữ')),
    CONSTRAINT KhachHang_Email UNIQUE (EmailKH),
    CONSTRAINT KhachHang_CCCDKH UNIQUE (CCCDKH)
);

CREATE TABLE XE(
    MaXe VARCHAR2(6),
    BienSoXe VARCHAR2(20),
    MaKH VARCHAR2(6),
    MaLoaiXe VARCHAR2(6),
    CONSTRAINT PK_XE_MaXe PRIMARY KEY (MaXe),
    CONSTRAINT XE_BienSoXe UNIQUE (BienSoXe),  
    CONSTRAINT FK_XE_MaKH FOREIGN KEY (MaKH) REFERENCES KHACHHANG,
    CONSTRAINT FK_XE_MaLoaiXe FOREIGN KEY (MaLoaiXe) REFERENCES PHUONGTIENTHUPHI
);

CREATE TABLE TAIKHOAN(
    MaTK VARCHAR2(6),
    MatKhau VARCHAR2(30),
    Quyen NUMBER(6),
    MaNV VARCHAR2(6),
    CONSTRAINT PK_TAIKHOAN_MaTK PRIMARY KEY (MaTK),
    CONSTRAINT FK_TAIKHOAN_MaNV FOREIGN KEY (MaNV) REFERENCES NHANVIEN
);

CREATE TABLE LOAIVE(
    MaLoaiVe VARCHAR2(6),
    TenLoaiVe NVARCHAR2(50),
    CONSTRAINT PK_LOAIVE_MaLoaiVe PRIMARY KEY (MaLoaiVe)
);

CREATE TABLE THEETAG(
    MaVachThe VARCHAR2(6),
    MaKH VARCHAR2(6),
    MaLoaiVe VARCHAR2(6),
    MaXe VARCHAR2(6),
    SoDuTK NUMBER(12),
    CONSTRAINT PK_THEETAG_MaVachThe PRIMARY KEY (MaVachThe),
    CONSTRAINT FK_THEETAG_MaLoaiVe FOREIGN KEY (MaLoaiVe) REFERENCES LOAIVE,
    CONSTRAINT FK_THEETAG_MaXE FOREIGN KEY (MaXe) REFERENCES XE,
    CONSTRAINT FK_THEETAG_MaKH FOREIGN KEY (MaKH) REFERENCES KHACHHANG
);

CREATE TABLE VIPHAM(
    MaViPham VARCHAR2(6),
    TenViPham NVARCHAR2(150),
    MucPhat VARCHAR2(12),
    CONSTRAINT PK_VIPHAM_MaViPham PRIMARY KEY (MaViPham)
);

CREATE TABLE LICHSUVIPHAM(
    MaLSVP VARCHAR2(6),
    MaKH VARCHAR2(6),
    MaViPham VARCHAR2(6),
    NgayViPham DATE,
    CONSTRAINT PK_LICHSUVIPHAM_MaLSVP PRIMARY KEY (MaLSVP),
    CONSTRAINT FK_LICHSUVIPHAM_MaKH FOREIGN KEY (MaKH) REFERENCES KHACHHANG,
    CONSTRAINT FK_LICHSUVIPHAM_MaViPham FOREIGN KEY (MaViPham) REFERENCES VIPHAM
);

CREATE TABLE HOADON(
    MaHD VARCHAR2(6),
    MaVachThe VARCHAR2(6),
    MaViPham VARCHAR2(6),
    MaNV VARCHAR2(6),
    TongTien NUMBER(12),
    NgayLap DATE,
    CONSTRAINT PK_HOADON_MaHD PRIMARY KEY (MaHD),
    CONSTRAINT FK_HOADON_MaVachThe FOREIGN KEY (MaVachThe) REFERENCES THEETAG,
    CONSTRAINT FK_HOADON_MaViPham FOREIGN KEY (MaViPham) REFERENCES VIPHAM,
    CONSTRAINT FK_HOADON_MaNV FOREIGN KEY (MaNV) REFERENCES NHANVIEN
);

CREATE TABLE CHITIETHOADON(
    MaHD VARCHAR2(6),
    MaTram VARCHAR2(6),
    MaXe VARCHAR2(6),
    NoiDung NVARCHAR2(150),
    CONSTRAINT FK_CHITIETHOADON_MaHD FOREIGN KEY (MaHD) REFERENCES HOADON,
    CONSTRAINT FK_HOADON_MaTram FOREIGN KEY (MaTram) REFERENCES TRAMTHUPHIBOT,
    CONSTRAINT FK_HOADON_MaXe FOREIGN KEY (MaXe) REFERENCES XE
);


-- ----------- Thêm Dữ Liêu Các Bảng ----------- --
INSERT INTO TINHTHANH (MATINH,TENTINH) VALUES ('TT001', 'TP.Hồ Chí Minh');
INSERT INTO TINHTHANH (MATINH,TENTINH) VALUES ('TT002', 'Hà Nội');
INSERT INTO TINHTHANH (MATINH,TENTINH) VALUES ('TT003', 'Đà Nẵng');
INSERT INTO TINHTHANH (MATINH,TENTINH) VALUES ('TT004', 'Cần Thơ');
INSERT INTO TINHTHANH (MATINH,TENTINH) VALUES ('TT005', 'Hải Phòng');
INSERT INTO TINHTHANH (MATINH,TENTINH) VALUES ('TT006', 'Khánh Hòa');
INSERT INTO TINHTHANH (MATINH,TENTINH) VALUES ('TT007', 'Bà Rịa - Vũng Tàu');
INSERT INTO TINHTHANH (MATINH,TENTINH) VALUES ('TT008', 'Bình Dương');
INSERT INTO TINHTHANH (MATINH,TENTINH) VALUES ('TT009', 'An Giang');
INSERT INTO TINHTHANH (MATINH,TENTINH) VALUES ('TT010', 'Bạc Liêu');
INSERT INTO TINHTHANH (MATINH,TENTINH) VALUES ('TT011', 'Bắc Giang');
INSERT INTO TINHTHANH (MATINH,TENTINH) VALUES ('TT012', 'Bắc Kạn');
INSERT INTO TINHTHANH (MATINH,TENTINH) VALUES ('TT013', 'Bắc Ninh');
INSERT INTO TINHTHANH (MATINH,TENTINH) VALUES ('TT014', 'Bến Tre');
INSERT INTO TINHTHANH (MATINH,TENTINH) VALUES ('TT015', 'Bình Định');
INSERT INTO TINHTHANH (MATINH,TENTINH) VALUES ('TT016', 'Bình Phước');
INSERT INTO TINHTHANH (MATINH,TENTINH) VALUES ('TT017', 'Bình Thuânjn');
INSERT INTO TINHTHANH (MATINH,TENTINH) VALUES ('TT018', 'Cà Mau');
INSERT INTO TINHTHANH (MATINH,TENTINH) VALUES ('TT019', 'Cao Bằng');
INSERT INTO TINHTHANH (MATINH,TENTINH) VALUES ('TT020', 'Đắk Lắk');
INSERT INTO TINHTHANH (MATINH,TENTINH) VALUES ('TT021', 'Đắk Nông');
INSERT INTO TINHTHANH (MATINH,TENTINH) VALUES ('TT022', 'Điện Biên');
INSERT INTO TINHTHANH (MATINH,TENTINH) VALUES ('TT023', 'Đồng Nai');
INSERT INTO TINHTHANH (MATINH,TENTINH) VALUES ('TT024', 'Đòng Tháp');
INSERT INTO TINHTHANH (MATINH,TENTINH) VALUES ('TT025', 'Gia Lai');
INSERT INTO TINHTHANH (MATINH,TENTINH) VALUES ('TT026', 'Hà Giang');
INSERT INTO TINHTHANH (MATINH,TENTINH) VALUES ('TT027', 'Hà Nam');
INSERT INTO TINHTHANH (MATINH,TENTINH) VALUES ('TT028', 'Hà Tĩnh');
INSERT INTO TINHTHANH (MATINH,TENTINH) VALUES ('TT029', 'Hải Dương');
INSERT INTO TINHTHANH (MATINH,TENTINH) VALUES ('TT030', 'Hậu Giang');
INSERT INTO TINHTHANH (MATINH,TENTINH) VALUES ('TT031', 'Hòa Bình');
INSERT INTO TINHTHANH (MATINH,TENTINH) VALUES ('TT032', 'Hưng Yên');
INSERT INTO TINHTHANH (MATINH,TENTINH) VALUES ('TT033', 'Kiên Giang');
INSERT INTO TINHTHANH (MATINH,TENTINH) VALUES ('TT034', 'Kon Tum');
INSERT INTO TINHTHANH (MATINH,TENTINH) VALUES ('TT035', 'Lai Châu');
INSERT INTO TINHTHANH (MATINH,TENTINH) VALUES ('TT036', 'Lạng Sơn');
INSERT INTO TINHTHANH (MATINH,TENTINH) VALUES ('TT037', 'Lào Cai');
INSERT INTO TINHTHANH (MATINH,TENTINH) VALUES ('TT038', 'Lâm Đồng');
INSERT INTO TINHTHANH (MATINH,TENTINH) VALUES ('TT039', 'Long An');
INSERT INTO TINHTHANH (MATINH,TENTINH) VALUES ('TT040', 'Nam Định');
INSERT INTO TINHTHANH (MATINH,TENTINH) VALUES ('TT041', 'Nghệ An');
INSERT INTO TINHTHANH (MATINH,TENTINH) VALUES ('TT042', 'Ninh Bình');
INSERT INTO TINHTHANH (MATINH,TENTINH) VALUES ('TT043', 'Ninh Thuận');
INSERT INTO TINHTHANH (MATINH,TENTINH) VALUES ('TT044', 'Phú Thọ');
INSERT INTO TINHTHANH (MATINH,TENTINH) VALUES ('TT045', 'Phú Yên');
INSERT INTO TINHTHANH (MATINH,TENTINH) VALUES ('TT046', 'Quảng Bình');
INSERT INTO TINHTHANH (MATINH,TENTINH) VALUES ('TT047', 'Quảng Nam');
INSERT INTO TINHTHANH (MATINH,TENTINH) VALUES ('TT048', 'Quảng Ngãi');
INSERT INTO TINHTHANH (MATINH,TENTINH) VALUES ('TT049', 'Quảng Ninh');
INSERT INTO TINHTHANH (MATINH,TENTINH) VALUES ('TT050', 'Quảng Trị');
INSERT INTO TINHTHANH (MATINH,TENTINH) VALUES ('TT051', 'Sóc Trăng');
INSERT INTO TINHTHANH (MATINH,TENTINH) VALUES ('TT052', 'Sơn La');
INSERT INTO TINHTHANH (MATINH,TENTINH) VALUES ('TT053', 'Tây Ninh');
INSERT INTO TINHTHANH (MATINH,TENTINH) VALUES ('TT054', 'Thái Bình');
INSERT INTO TINHTHANH (MATINH,TENTINH) VALUES ('TT055', 'Thái Nguyên');
INSERT INTO TINHTHANH (MATINH,TENTINH) VALUES ('TT056', 'Thanh Hóa');
INSERT INTO TINHTHANH (MATINH,TENTINH) VALUES ('TT057', 'Thừa Thiên - Huế');
INSERT INTO TINHTHANH (MATINH,TENTINH) VALUES ('TT058', 'Tiền Giang');
INSERT INTO TINHTHANH (MATINH,TENTINH) VALUES ('TT059', 'Trà Vinh');
INSERT INTO TINHTHANH (MATINH,TENTINH) VALUES ('TT060', 'Tuyên Quang');
INSERT INTO TINHTHANH (MATINH,TENTINH) VALUES ('TT061', 'Vĩnh Long');
INSERT INTO TINHTHANH (MATINH,TENTINH) VALUES ('TT062', 'Vĩnh Phúc');
INSERT INTO TINHTHANH (MATINH,TENTINH) VALUES ('TT063', 'Yên Bái');



INSERT INTO TRAMTHUPHIBOT (MATRAM, TENTRAM, DIACHI, MATINH, TUYENDUONG) 
        VALUES ('BOT001', 'Trạm Xa Lộ Hà Nội', '249 XL Hà Nội-Phước Long A-Quận 9-Thành phố Hồ Chí Minh', 'TT001', 'Hà Nội - TP.Hồ Chí Minh');
INSERT INTO TRAMTHUPHIBOT (MATRAM, TENTRAM, DIACHI, MATINH, TUYENDUONG) 
        VALUES ('BOT002', 'Trạm Lạng Sơn', 'QL1A, xã Minh Sơn, huyện Hữu Lũng, tỉnh Lạng Sơn', 'TT036', 'Bắc Giang - Lạng Sơn');
INSERT INTO TRAMTHUPHIBOT (MATRAM, TENTRAM, DIACHI, MATINH, TUYENDUONG)
        VALUES ('BOT003', 'Trạm Bắc Giang', '3XR6+JFX, AH1, Đình Bảng, Tư Sơn, Bắc Ninh', 'TT013', 'Hà Nội - Bắc Giang');
INSERT INTO TRAMTHUPHIBOT (MATRAM, TENTRAM, DIACHI, MATINH, TUYENDUONG) 
        VALUES ('BOT004', 'Trạm Pháp Vân', 'WV46+XF4, ĐCT Pháp Vân - Cầu Giẽ, Liên Ninh, Thanh Trì, Hà Nội', 'TT002', 'Hà Nội - Ninh Bình');
INSERT INTO TRAMTHUPHIBOT (MATRAM, TENTRAM, DIACHI, MATINH, TUYENDUONG) 
        VALUES ('BOT005', 'Trạm Thường Tín', 'VV9J+QW7, ?T427, Hà Hội, Thường Tín, Hà Nội', 'TT002', 'Hà Nội - Ninh Bình');
INSERT INTO TRAMTHUPHIBOT (MATRAM, TENTRAM, DIACHI, MATINH, TUYENDUONG) 
        VALUES ('BOT006', 'Trạm Vạn Điểm', 'QWF5+59W, Vạn Điểm, Thường Tín, Hà Nội', 'TT002', 'Ninh Bình - Hà Nội');
INSERT INTO TRAMTHUPHIBOT (MATRAM, TENTRAM, DIACHI, MATINH, TUYENDUONG) 
        VALUES ('BOT007', 'Trạm Đại Xuyên', 'PW27+R5V, Đại Xuyên, Phú Xuyên, Hà Nội', 'TT002', 'Ninh Bình - Hà Nội');
INSERT INTO TRAMTHUPHIBOT (MATRAM, TENTRAM, DIACHI, MATINH, TUYENDUONG) 
        VALUES ('BOT008', 'Trạm Vực Vòng', 'JWWQ+49Q, Yên Bắc, Duy Tiên, Hà Nam', 'TT027', 'Hà Nam - Ninh Bình');
INSERT INTO TRAMTHUPHIBOT (MATRAM, TENTRAM, DIACHI, MATINH, TUYENDUONG) 
        VALUES ('BOT009', 'Trạm Liêm Tuyền', '?CT01, Liêm Tuyền, Thanh Liêm, Hà Nam', 'TT027', 'Hà Nam - Ninh Bình');
INSERT INTO TRAMTHUPHIBOT (MATRAM, TENTRAM, DIACHI, MATINH, TUYENDUONG) 
        VALUES ('BOT010', 'Trạm thu phí Cao Bồ', 'ĐCT Cầu Giẽ - Ninh Bình, Yên Tiến, Ý Yên, Nam Định', 'TT040', 'Nam Định - Ninh Bình');
INSERT INTO TRAMTHUPHIBOT (MATRAM, TENTRAM, DIACHI, MATINH, TUYENDUONG) 
        VALUES ('BOT011', 'Trạm QL5 Hưng Yên', 'ĐCT04, Tân Tiến, Văn Giang, Hưng Yên', 'TT032', 'Hà Nội - Hải Phòng');
INSERT INTO TRAMTHUPHIBOT (MATRAM, TENTRAM, DIACHI, MATINH, TUYENDUONG) 
        VALUES ('BOT012', 'Trạm thu phí BOT 188', 'Phú thái, Kim Thành, Hải Dương', 'TT029', 'Hà Nài - Hải Dương');
INSERT INTO TRAMTHUPHIBOT (MATRAM, TENTRAM, DIACHI, MATINH, TUYENDUONG) 
        VALUES ('BOT013', 'Trạm Đại Yên', 'QL18, Đại Yên, Hạ Long, Quảng Ninh', 'TT049', 'Hà Nội - Quảng Ninh');
INSERT INTO TRAMTHUPHIBOT (MATRAM, TENTRAM, DIACHI, MATINH, TUYENDUONG) 
        VALUES ('BOT014', 'Trạm Hạc Trì', '7CVX+X79,  Hùng Vương, Ph. Bạch Hạc, Thành phố Việt Trì, Phú Thọ', 'TT044', 'Vĩnh Phúc - Phú Thọ');
INSERT INTO TRAMTHUPHIBOT (MATRAM, TENTRAM, DIACHI, MATINH, TUYENDUONG) 
        VALUES ('BOT015', 'Trạm Mỹ Lộc', 'C4W9+WVX, Phủ Lý, Mỹ Lộc, Nam Định', 'TT040', 'Nam Định - Thái Bình');
INSERT INTO TRAMTHUPHIBOT (MATRAM, TENTRAM, DIACHI, MATINH, TUYENDUONG) 
        VALUES ('BOT016','Trạm Tiên Cựu', 'QGG5+H2H, QL10, Đại Thắng, Tiên Lãng, Hải Phòng', 'TT005', 'Quảng Ninh - Thanh Hóa');
INSERT INTO TRAMTHUPHIBOT (MATRAM, TENTRAM, DIACHI, MATINH, TUYENDUONG) 
        VALUES ('BOT017', 'Trạm QL5 Hải Phòng', 'Quốc lộ 5, Lê Thiện, An Dương, Hải Phòng', 'TT005', 'Hà Nội - Hải Phòng');
INSERT INTO TRAMTHUPHIBOT (MATRAM, TENTRAM, DIACHI, MATINH, TUYENDUONG) 
        VALUES ('BOT018', 'Trạm thu phí Tam Nông', 'QL 32, Thượng Nông, Tam Nông, Phú Thọ', 'TT044', 'Phú Thọ - TP. Hồ Chí Minh');
INSERT INTO TRAMTHUPHIBOT (MATRAM, TENTRAM, DIACHI, MATINH, TUYENDUONG) 
        VALUES ('BOT019', 'Trạm Yên Lệnh', 'Hiến Nam, Hưng Yên', 'TT032', 'Hưng Yên - Hà Nam');
INSERT INTO TRAMTHUPHIBOT (MATRAM, TENTRAM, DIACHI, MATINH, TUYENDUONG) 
        VALUES ('BOT020', 'Trạm Bén Thủy 1', 'Cầu Bến Thủy I, Km 467+056, Quốc lộ 1A, thành phố Vinh, tỉnh Nghệ An', 'TT041', 'Tuyến tránh thành phố Vinh');
INSERT INTO TRAMTHUPHIBOT (MATRAM, TENTRAM, DIACHI, MATINH, TUYENDUONG) 
        VALUES ('BOT021', 'Trạm Bến Thủy 2', 'Km 467,  thành phố Vinh, tỉnh Nghệ An ', 'TT041', 'Tuyến tránh thành phố Hà Tĩnh');
INSERT INTO TRAMTHUPHIBOT (MATRAM, TENTRAM, DIACHI, MATINH, TUYENDUONG) 
        VALUES ('BOT022', 'Trạm thu phí Tasco', 'Km 604+700 QL1, Nam Lãnh, Quảng Phú, Quảng Trạch, Quảng Bình', 'TT046', 'Quốc lộ 1A qua tỉnh Quảng Bình');
INSERT INTO TRAMTHUPHIBOT (MATRAM, TENTRAM, DIACHI, MATINH, TUYENDUONG) 
        VALUES ('BOT023', 'Trạm Quán Hàu', 'xã Võ Ninh huyện Quảng Ninh, tỉnh Quảng Bình', 'TT046','Quảng Ninh - Quảng Bình');
INSERT INTO TRAMTHUPHIBOT (MATRAM, TENTRAM, DIACHI, MATINH, TUYENDUONG) 
        VALUES ('BOT024', 'Trạm Đông Hà', 'Q5P2+32X, QL1A, Triệu Giang, Triệu Phong, Quảng Trị', 'TT050','Triệu Phong,Hải Lăng-thị xã Quảng Trị');
INSERT INTO TRAMTHUPHIBOT (MATRAM, TENTRAM, DIACHI, MATINH, TUYENDUONG) 
        VALUES ('BOT025', 'Trạm thu phí Phú Bài', '9P9G+Q79, AH1, Thủy Phù, Hương Thủy, Thừa Thiên Huế', 'TT057','TP.Hồ Chí Minh - Huế');
INSERT INTO TRAMTHUPHIBOT (MATRAM, TENTRAM, DIACHI, MATINH, TUYENDUONG) 
        VALUES ('BOT026', 'Trạm Phước Tượng', 'Phú Lộc, Thừa Thiên Huế', 'TT057', 'Tuyến qua Phước Tượng-Phú Gia');
INSERT INTO TRAMTHUPHIBOT (MATRAM, TENTRAM, DIACHI, MATINH, TUYENDUONG) 
        VALUES ('BOT027', 'Trạm Hòa Phước', 'Km 941, Hoài Nhơn, Địa Bàn, Quảng Nam', 'TT047', 'Quảng Nam - Đà Nẵng');
INSERT INTO TRAMTHUPHIBOT (MATRAM, TENTRAM, DIACHI, MATINH, TUYENDUONG) 
        VALUES ('BOT028', 'Trạm thu phí Tam Kì', 'GGX9+C99, QL1A, Tam Xuân I, Núi Thành, Quảng Nam', 'TT047', 'Đà Nẵng - Quảng Nam');
INSERT INTO TRAMTHUPHIBOT (MATRAM, TENTRAM, DIACHI, MATINH, TUYENDUONG) 
        VALUES ('BOT029', 'Trạm Tư Nghĩa', '3R7Q+CR9, AH1, Nghĩa Thương, Tư Nghĩa, Quảng Ngãi', 'TT048', 'Đà Nẵng - Quảng Ngãi');
INSERT INTO TRAMTHUPHIBOT (MATRAM, TENTRAM, DIACHI, MATINH, TUYENDUONG) 
        VALUES ('BOT030', 'TrạmBắc Bình Định', 'Km 1148+130, QL 1, Bình Định', 'TT015', 'Đà Nẵng - TP.Hồ Chính Minh');
INSERT INTO TRAMTHUPHIBOT (MATRAM, TENTRAM, DIACHI, MATINH, TUYENDUONG) 
        VALUES ('BOT031', 'Trạm Nam Bình Định', 'AH1 (km 1212+550, quốc lộ 1), phường Nhơn Hòa, thị xã An Nhơn, tỉnh Bình Định', 'TT015', 'TP.Hồ Chính Minh - Đà Nẵng');
INSERT INTO TRAMTHUPHIBOT (MATRAM, TENTRAM, DIACHI, MATINH, TUYENDUONG) 
        VALUES ('BOT032', 'Trạm Cam Thịnh', 'Km1517, Cam Thịnh, Khánh Hòa', 'TT006', 'quốc lộ 1A đoạn qua TP Cam Ranh');
INSERT INTO TRAMTHUPHIBOT (MATRAM, TENTRAM, DIACHI, MATINH, TUYENDUONG) 
        VALUES ('BOT033', 'Trạm Bình Thuận', 'Km 1661+600 Sông Lũy, Bắc Bình, Bình Thuận', 'TT017', 'Phan Thiết - Đồng Nai');
INSERT INTO TRAMTHUPHIBOT (MATRAM, TENTRAM, DIACHI, MATINH, TUYENDUONG)
        VALUES ('BOT034', 'Trạm thu phí Gia Lai 1', 'Km 1610+800 (km 542+800 QL 14), Huyện Đak Đoa, Gia Lai', 'TT025', 'đoạn qua Gia Lai');
INSERT INTO TRAMTHUPHIBOT (MATRAM, TENTRAM, DIACHI, MATINH, TUYENDUONG) 
        VALUES ('BOT035', 'Trạm thu phí Gia Lai 2', 'Km 1667+470 (Km 607+500 QL14), Thôn 6, Lale, Chư Pung, Gia Lai', 'TT025', 'đoạn qua Gia Lai');
INSERT INTO TRAMTHUPHIBOT (MATRAM, TENTRAM, DIACHI, MATINH, TUYENDUONG)         
        VALUES ('BOT036', 'Trạm Toàn Mỹ 14', 'Km 1807+500, (Km 748+500 QL14) Đak Min, Đak Nông', 'TT021', 'đoạn qua Đắk Nông');
INSERT INTO TRAMTHUPHIBOT (MATRAM, TENTRAM, DIACHI, MATINH, TUYENDUONG)         
        VALUES ('BOT037', 'Trạm Kiến Xương', '283-369 QL39B,Thanh Nê, Kiến Xương, Thái Bình', 'TT054', 'đoạn qua Thái Bình');
INSERT INTO TRAMTHUPHIBOT (MATRAM, TENTRAM, DIACHI, MATINH, TUYENDUONG)         
        VALUES ('BOT038', 'Trạm Suối Giữa', '875 Đại Lộ Bình Dương , Chánh Mỹ, Thủ Dầu Một', 'TT008', 'TP.Hồ Chí Minh - Bình Dương');
INSERT INTO TRAMTHUPHIBOT (MATRAM, TENTRAM, DIACHI, MATINH, TUYENDUONG) 
        VALUES ('BOT039', 'Trạm Vĩnh Phú', 'VPQ2+CCF, Đại lộ Bình Dương, Lái Thiêu, Thuận An, Bình Dương', 'TT008', 'TP.Hồ Chí Minh - Bình Dương');
INSERT INTO TRAMTHUPHIBOT (MATRAM, TENTRAM, DIACHI, MATINH, TUYENDUONG) 
        VALUES ('BOT040', 'Trạm Chơn Thành', 'Hòa Vinh, Thành Tâm, Chơn Thành, Bình Phước', 'TT016', 'đoạn qua Bình Phước');
INSERT INTO TRAMTHUPHIBOT (MATRAM, TENTRAM, DIACHI, MATINH, TUYENDUONG) 
        VALUES ('BOT041', 'Trạm An Sương', 'Km 1906+700 Quốc lộ 1A, Khu 5, Bình Hưng Hòa B, Binh Tân, TP. Hồ Chí Minh', 'TT001', 'An Sương - An Lạc, TP.Hồ Chí Minh');
INSERT INTO TRAMTHUPHIBOT (MATRAM, TENTRAM, DIACHI, MATINH, TUYENDUONG) 
        VALUES ('BOT042', 'Trạm thu phí Phú Mỹ', 'P. Thạch Mỹ Lợi, Q.2, TP.Hồ Chí Minh', 'TT001', 'đọa qua Cầu Phú Mỹ');
INSERT INTO TRAMTHUPHIBOT (MATRAM, TENTRAM, DIACHI, MATINH, TUYENDUONG) 
        VALUES ('BOT043', 'Trạm Cần Thơ', 'Km2079+535, Cầu số 10, Ba Láng, Cái Răng, Cần Thơ', 'TT004', 'đoạn Cần Thơ - Phụng Hiệp');
INSERT INTO TRAMTHUPHIBOT (MATRAM, TENTRAM, DIACHI, MATINH, TUYENDUONG)
        VALUES ('BOT044', 'Trạm Bạc Liêu', 'KM217+200 ấp Trà Ban, Châu Hưng A, Vĩnh Lợi, Bạc Liêu', 'TT010', 'đoạn qua cửa ngõ phía Bắc Bạc Liêu');
INSERT INTO TRAMTHUPHIBOT (MATRAM, TENTRAM, DIACHI, MATINH, TUYENDUONG) 
        VALUES ('BOT045', 'Trạm Sóc Trăng', 'Km 2123+250 , An Trạch, An Hiệp, Châu Thành, Sóc Trăng', 'TT051', 'Tuyến tránh thành phố Sóc Trăng');
INSERT INTO TRAMTHUPHIBOT (MATRAM, TENTRAM, DIACHI, MATINH, TUYENDUONG) 
        VALUES ('BOT046', 'Trạm Đông Hưng', 'QL10, Đông HƯng ,Thái Bình', 'TT054', 'Tuyến tránh thành phố Đông Hưng');
INSERT INTO TRAMTHUPHIBOT (MATRAM, TENTRAM, DIACHI, MATINH, TUYENDUONG) 
        VALUES ('BOT047', 'Trạm Định An', 'QL20, Hiệp An, Đức Trọng, Lâm Đồng', 'TT038', 'Tuyến cao tốc vào TP Đà Lạt');
INSERT INTO TRAMTHUPHIBOT (MATRAM, TENTRAM, DIACHI, MATINH, TUYENDUONG) 
        VALUES ('BOT048', 'Trạm QL18 Cẩm Phả', 'Cẩm Phú, Cẩm Phả, Quảng Ninh', 'TT049', 'đoạn qua Quảng Ninh');
INSERT INTO TRAMTHUPHIBOT (MATRAM, TENTRAM, DIACHI, MATINH, TUYENDUONG) 
        VALUES ('BOT049', 'Trạm thu phí QL39', 'Nút Giao Yên Mỹ, Lý Thường Kiệt, Yên Mỹ, Hưng Yên', 'TT032', 'Hưng Yên - Hà Nam');
INSERT INTO TRAMTHUPHIBOT (MATRAM, TENTRAM, DIACHI, MATINH, TUYENDUONG) 
        VALUES ('BOT050', 'Trạm Đồng Đăng', 'Vũ Oai,Hoành Bồ, Quảng Ninh', 'TT049', 'Hạ Long - Vân Đồn, Quảng Ninh');
INSERT INTO TRAMTHUPHIBOT (MATRAM, TENTRAM, DIACHI, MATINH, TUYENDUONG) 
        VALUES ('BOT051', 'Trạm thu phí Tân Khai', 'QL13, Tan Khai, Hớn Quản, Bình Phước', 'TT016', 'đoạn qua Bình Phước');
INSERT INTO TRAMTHUPHIBOT (MATRAM, TENTRAM, DIACHI, MATINH, TUYENDUONG)
        VALUES ('BOT052', 'Trạm Bình Thắng', '251-227, ĐT743A, Bình An, Dĩ An, Bình Dương', 'TT008', 'Bình Dương - TP.Hồ Chí Minh');
INSERT INTO TRAMTHUPHIBOT (MATRAM, TENTRAM, DIACHI, MATINH, TUYENDUONG) 
        VALUES ('BOT053', 'Trạm BếN Lức', 'An Thạnh, Bến Lức, Long An', 'TT039', 'đoạn qua khu vực cảng Long An');
INSERT INTO TRAMTHUPHIBOT (MATRAM, TENTRAM, DIACHI, MATINH, TUYENDUONG) 
        VALUES ('BOT054', 'Trạm thu phí Cai Lậy', 'C366+38J, Phú Nhuận, Cai Lậy, Tiền Giang', 'TT058', 'Tuyến tránh thị xã Cai Lậy');
INSERT INTO TRAMTHUPHIBOT (MATRAM, TENTRAM, DIACHI, MATINH, TUYENDUONG) 
        VALUES ('BOT055', 'Trạm thu phí IC3', '7MH9+PPR, TT. Hương Canh, Bình Xuyên, Vĩnh Phúc', 'TT062', 'Hà Nội - Lào Cai');
INSERT INTO TRAMTHUPHIBOT (MATRAM, TENTRAM, DIACHI, MATINH, TUYENDUONG) 
        VALUES ('BOT056', 'Trạm thu phí IC12', 'JVXR+6C7, Âu Cơ Minh Quân, Trấn Yên, Yên Bái', 'TT063', 'Hà Nội - Lào Cai');
INSERT INTO TRAMTHUPHIBOT (MATRAM, TENTRAM, DIACHI, MATINH, TUYENDUONG) 
        VALUES ('BOT057', 'Trạm thu phí Phố Lu', '858J+C46, Sơn Hà, Bảo Thắng, Lào Cai', 'TT037', 'Hà Nội - Lào Cai');
INSERT INTO TRAMTHUPHIBOT (MATRAM, TENTRAM, DIACHI, MATINH, TUYENDUONG) 
        VALUES ('BOT058', 'Trạm thu phí Túy Loan', 'X5F7+543, Hoà Tiến, Hòa Vang, Đà Nẵng', 'TT003', 'Đà Nẵng - Quảng Ngãi');
INSERT INTO TRAMTHUPHIBOT (MATRAM, TENTRAM, DIACHI, MATINH, TUYENDUONG) 
        VALUES ('BOT059', 'Trạm thu phí NH 51', 'QX84+3JM, TT. Long Thành, Long Thành, Đồng Nai', 'TT023', 'TP.Hồ Chí Minh - Long Thành - Dầu Giây');
INSERT INTO TRAMTHUPHIBOT (MATRAM, TENTRAM, DIACHI, MATINH, TUYENDUONG) 
        VALUES ('BOT060', 'Trạm nút giao Cái Bè', 'C24J+RRV, Mỹ Hội, Cái Bè, Tiền Giang', 'TT058', 'TP.Hồ Chí Minh - Cái Bè');


INSERT INTO CHUCVU (MACV, TENCV) VALUES('MCV001', 'Giám Đốc trung tâm');
INSERT INTO CHUCVU (MACV, TENCV) VALUES('MCV002', 'Phó giám Đốc');
INSERT INTO CHUCVU (MACV, TENCV) VALUES('MCV003', 'Quản lí');
INSERT INTO CHUCVU (MACV, TENCV) VALUES('MCV004', 'Nhân viên kế toán');
INSERT INTO CHUCVU (MACV, TENCV) VALUES('MCV005', 'Nhân viên kĩ thuật');
INSERT INTO CHUCVU (MACV, TENCV) VALUES('MCV006', 'Nhân viên thu phí');
INSERT INTO CHUCVU (MACV, TENCV) VALUES('MCV007', 'Nhân viên nhắc phí');
INSERT INTO CHUCVU (MACV, TENCV) VALUES('MCV008', 'Tổng đài viên');
INSERT INTO CHUCVU (MACV, TENCV) VALUES('MCV009', 'Tester');
INSERT INTO CHUCVU (MACV, TENCV) VALUES('MCV010', 'Nhân viên an ninh');

INSERT INTO NHANVIEN (MANV, HONV, TENNV, GIOITINHNV,  DIACHINV, EMAILNV, SDTNV, NGAYSINHNV, NGAYVAOLAM, LUONG, CCCDNV, MACV, MATRAM)  
        VALUES ('NV0001', 'Lê Ngô Tường', 'Vy', 'Nữ', '67 Số 30,Phường 7,Gò Vấp,TP.HCM', 'nhk@gmail.com', '079301016978', to_date('1998/05/05', 'YYYY-MM-DD'), to_date('2021/06/05', 'YYYY-MM-DD'),30000000,0113112393, 'MCV003','BOT004'); 
INSERT INTO NHANVIEN (MANV, HONV, TENNV, GIOITINHNV,  DIACHINV, EMAILNV, SDTNV, NGAYSINHNV, NGAYVAOLAM, LUONG, CCCDNV, MACV, MATRAM)  
        VALUES ('NV0002', 'Lê Ngô Tường', 'Vân', 'Nữ', '66 Số 21,Phường 14,Gò Vấp,TP.HCM', 'lntv@gmail.com', '052734331206', to_date('1998/06/05', 'YYYY-MM-DD'), to_date('2021/05/06', 'YYYY-MM-DD'),18000000,0113112387, 'MCV004','BOT002'); 
INSERT INTO NHANVIEN (MANV, HONV, TENNV, GIOITINHNV,  DIACHINV, EMAILNV, SDTNV, NGAYSINHNV, NGAYVAOLAM, LUONG, CCCDNV, MACV, MATRAM)  
        VALUES ('NV0003', 'Mai Tấn', 'Văn', 'Nam', '436 Lê Văn Việt,Hiệp Phú,Quận 9,TP.HCM', 'mtv@gamil.com', '071823574269', to_date('1994/07/14', 'YYYY-MM-DD'), to_date('2020/05/06', 'YYYY-MM-DD'),10000000,0151654323, 'MCV010','BOT023'); 
INSERT INTO NHANVIEN (MANV, HONV, TENNV, GIOITINHNV,  DIACHINV, EMAILNV, SDTNV, NGAYSINHNV, NGAYVAOLAM, LUONG, CCCDNV, MACV, MATRAM)  
        VALUES ('NV0004', 'Phạm Thị Tuyết', 'Mai', 'Nữ', '33 Mã Lò,phường Bình Trị Đông A,quận Bình Tân,TP.HCM', 'pttm@gmail.com', '074031110854', to_date('1993/06/26', 'YYYY-MM-DD'), to_date('2021/06/26', 'YYYY-MM-DD'),9000000,0815131565, 'MCV008','BOT032'); 
INSERT INTO NHANVIEN (MANV, HONV, TENNV, GIOITINHNV,  DIACHINV, EMAILNV, SDTNV, NGAYSINHNV, NGAYVAOLAM, LUONG, CCCDNV, MACV, MATRAM)  
        VALUES ('NV0005', 'Phan Đỗ Bảo', 'Nhi', 'Nữ', '219 Nguyễn Thị Định,Phường Bình Trưng Tây,Quận 2,TP.HCM', 'pdbn@gmail.com', '003773944148', to_date('1989/09/11', 'YYYY-MM-DD'), to_date('2020/09/11', 'YYYY-MM-DD'),25000000,0223062393, 'MCV009','BOT012');
INSERT INTO NHANVIEN (MANV, HONV, TENNV, GIOITINHNV,  DIACHINV, EMAILNV, SDTNV, NGAYSINHNV, NGAYVAOLAM, LUONG, CCCDNV, MACV, MATRAM)  
        VALUES ('NV0006', 'Phan Thành', 'Nhân', 'Nam', '152 Nguyễn Trọng Tuyển - Tân Bình - HCM', 'Ptn@gmail.com', '0913533233', to_date('1985/09/21', 'YYYY-MM-DD'), to_date('2019/09/21', 'YYYY-MM-DD'),20000000,094293671189, 'MCV005','BOT041');
INSERT INTO NHANVIEN (MANV, HONV, TENNV, GIOITINHNV,  DIACHINV, EMAILNV, SDTNV, NGAYSINHNV, NGAYVAOLAM, LUONG, CCCDNV, MACV, MATRAM)  
        VALUES ('NV0007', 'Phan Ánh', 'Dương', 'Nữ', '65 Nam Kỳ Khởi Nghĩa -q.3 - TP.HCM', 'Pad@gmail.com', '0981212767', to_date('2001/09/28', 'YYYY-MM-DD'), to_date('2021/08/21', 'YYYY-MM-DD'),14000000,079252694147, 'MCV003','BOT042');
INSERT INTO NHANVIEN (MANV, HONV, TENNV, GIOITINHNV,  DIACHINV, EMAILNV, SDTNV, NGAYSINHNV, NGAYVAOLAM, LUONG, CCCDNV, MACV, MATRAM)  
        VALUES ('NV0008', 'Lê Chí', 'Kiên', 'Nam', '564/1/3F Nguyễn Xí - Bình Thạnh - TP.HCM', 'Lck@gmail.com', '0913162000', to_date('1985/03/18', 'YYYY-MM-DD'), to_date('2019/05/19', 'YYYY-MM-DD'),7000000,098852566304, 'MCV007','BOT046');
INSERT INTO NHANVIEN (MANV, HONV, TENNV, GIOITINHNV,  DIACHINV, EMAILNV, SDTNV, NGAYSINHNV, NGAYVAOLAM, LUONG, CCCDNV, MACV, MATRAM)  
        VALUES ('NV0009', 'Đào Thị', 'Hồng', 'Nữ', '764/94 Phạm Văn Chiêu - p.13 - GV - HCM', 'Dth@gmail.com', '0975432222', to_date('1991/06/22', 'YYYY-MM-DD'), to_date('2019/03/12', 'YYYY-MM-DD'),40000000,046125394147, 'MCV001','BOT027');
INSERT INTO NHANVIEN (MANV, HONV, TENNV, GIOITINHNV,  DIACHINV, EMAILNV, SDTNV, NGAYSINHNV, NGAYVAOLAM, LUONG, CCCDNV, MACV, MATRAM)  
        VALUES ('NV0010', 'Lê Bạch', 'Tú', 'Nữ', '214 3/2 q10', 'Lbt@gmail.com', '0358692017', to_date('1994/05/09', 'YYYY-MM-DD'), to_date('2019/09/05', 'YYYY-MM-DD'),35000000,026362895562, 'MCV002','BOT045');
INSERT INTO NHANVIEN (MANV, HONV, TENNV, GIOITINHNV,  DIACHINV, EMAILNV, SDTNV, NGAYSINHNV, NGAYVAOLAM, LUONG, CCCDNV, MACV, MATRAM)  
        VALUES ('NV0011', 'Lưu Hồng', 'Ngọc', 'Nữ', '1 Nguyễn Văn Tráng ,phường Phạm Ngũ Lão, q1', 'Lhn@gmail.com', '0956123547', to_date('1990/12/12', 'YYYY-MM-DD'), to_date('2019/02/05', 'YYYY-MM-DD'),9000000,081456786625, 'MCV010','BOT060');
INSERT INTO NHANVIEN (MANV, HONV, TENNV, GIOITINHNV,  DIACHINV, EMAILNV, SDTNV, NGAYSINHNV, NGAYVAOLAM, LUONG, CCCDNV, MACV, MATRAM)  
        VALUES ('NV0012', 'Huỳnh Minh', 'Nam', 'Nam', '72/5 Hồng bàng q6', 'Hmn@gmail.com', '0985296314', to_date('1990/12/08', 'YYYY-MM-DD'), to_date('2019/02/06', 'YYYY-MM-DD'),10000000,079277194399, 'MCV008','BOT048');
INSERT INTO NHANVIEN (MANV, HONV, TENNV, GIOITINHNV,  DIACHINV, EMAILNV, SDTNV, NGAYSINHNV, NGAYVAOLAM, LUONG, CCCDNV, MACV, MATRAM)  
        VALUES ('NV0013', 'Trần Thị Thu', 'Ngân', 'Nữ', '288, Nguyến Tri Phương , p4,q10', 'Tttn@gmail.com', '0956245278', to_date('1991/04/08', 'YYYY-MM-DD'), to_date('2020/08/04', 'YYYY-MM-DD'),8000000,061785811243, 'MCV006','BOT035');
INSERT INTO NHANVIEN (MANV, HONV, TENNV, GIOITINHNV,  DIACHINV, EMAILNV, SDTNV, NGAYSINHNV, NGAYVAOLAM, LUONG, CCCDNV, MACV, MATRAM)  
        VALUES ('NV0014', 'Lê Minh', 'Hoang', 'Nam', '158 Pasteur q1', 'Lmh@gmail.com', '0912345622', to_date('2000/05/07', 'YYYY-MM-DD'), to_date('2021/07/05', 'YYYY-MM-DD'),8000000,070853404218, 'MCV010','BOT028');
INSERT INTO NHANVIEN (MANV, HONV, TENNV, GIOITINHNV,  DIACHINV, EMAILNV, SDTNV, NGAYSINHNV, NGAYVAOLAM, LUONG, CCCDNV, MACV, MATRAM)  
        VALUES ('NV0015', 'Nguyễn Minh', 'Trang', 'Nữ', '67 Thành Thái,q10', 'Nmt@gmail.com', '0745812369', to_date('1998/05/09', 'YYYY-MM-DD'), to_date('2021/09/05', 'YYYY-MM-DD'),7000000,096493575240, 'MCV010','BOT004');
INSERT INTO NHANVIEN (MANV, HONV, TENNV, GIOITINHNV,  DIACHINV, EMAILNV, SDTNV, NGAYSINHNV, NGAYVAOLAM, LUONG, CCCDNV, MACV, MATRAM)  
        VALUES ('NV0016', 'Trần Quyết', 'Thắng', 'Nam', '50 Cống Quỳnh ,q1', 'Tqt@gmail.com', '098741036', to_date('2000/05/12', 'YYYY-MM-DD'), to_date('2021/12/05', 'YYYY-MM-DD'),10000000,096493545240, 'MCV010','BOT059');
INSERT INTO NHANVIEN (MANV, HONV, TENNV, GIOITINHNV,  DIACHINV, EMAILNV, SDTNV, NGAYSINHNV, NGAYVAOLAM, LUONG, CCCDNV, MACV, MATRAM)  
        VALUES ('NV0017', 'Trần Thị Thu', 'Ngân', 'Nữ', '72/5 Hồng bàng q6', 'Ttn@gmail.com', '0985296314', to_date('1990/08/12', 'YYYY-MM-DD'), to_date('2019/12/08', 'YYYY-MM-DD'),10000000,099493545240, 'MCV006','BOT034');
INSERT INTO NHANVIEN (MANV, HONV, TENNV, GIOITINHNV,  DIACHINV, EMAILNV, SDTNV, NGAYSINHNV, NGAYVAOLAM, LUONG, CCCDNV, MACV, MATRAM)  
        VALUES ('NV0018', 'Nguyễn Hữu', 'An', 'Nam', '178/97 An Dương Vương Bình Tân', 'Nhd@gmail.com', '0974125874', to_date('2000/08/12', 'YYYY-MM-DD'), to_date('2021/12/08', 'YYYY-MM-DD'),10000000,069584152701, 'MCV006','BOT039');
INSERT INTO NHANVIEN (MANV, HONV, TENNV, GIOITINHNV,  DIACHINV, EMAILNV, SDTNV, NGAYSINHNV, NGAYVAOLAM, LUONG, CCCDNV, MACV, MATRAM)  
        VALUES ('NV0019', 'Trần Minh', 'Trường', 'Nam', '50 Nguyễn Thị Minh Khai, Q3', 'Tmt@gmail.com', '0996784512', to_date('1995/08/05', 'YYYY-MM-DD'), to_date('2021/08/05', 'YYYY-MM-DD'),9000000,095030474116, 'MCV006','BOT023');
INSERT INTO NHANVIEN (MANV, HONV, TENNV, GIOITINHNV,  DIACHINV, EMAILNV, SDTNV, NGAYSINHNV, NGAYVAOLAM, LUONG, CCCDNV, MACV, MATRAM)  
        VALUES ('NV0020', 'Lê Kim', 'Tiền', 'Nữ', '145 Chấn Hưng, phường 6, quận Tân Bình,TpHCM', 'Lkt@gmail.com', '0745812369', to_date('1998/09/05', 'YYYY-MM-DD'), to_date('2020/05/09', 'YYYY-MM-DD'),8000000,072112893235, 'MCV005','BOT044');
INSERT INTO NHANVIEN (MANV, HONV, TENNV, GIOITINHNV,  DIACHINV, EMAILNV, SDTNV, NGAYSINHNV, NGAYVAOLAM, LUONG, CCCDNV, MACV, MATRAM)  
        VALUES ('NV0021', 'Ôn Linh', 'Đan', 'Nữ', 'Hiền Ninh, Sóc Sơn, Hà Nội', 'Lod@gmail.com', '0223062393', to_date('1998/09/11', 'YYYY-MM-DD'), to_date('2020/11/09', 'YYYY-MM-DD'),7000000,0138823451, 'MCV007','BOT005');
INSERT INTO NHANVIEN (MANV, HONV, TENNV, GIOITINHNV,  DIACHINV, EMAILNV, SDTNV, NGAYSINHNV, NGAYVAOLAM, LUONG, CCCDNV, MACV, MATRAM)  
        VALUES ('NV0022', 'Khương Hoàn', 'Ny', 'Nữ', 'Ba Đình, Hà Nội', 'Khn@gmail.com', '0085278993', to_date('1999/02/01', 'YYYY-MM-DD'), to_date('2020/01/02', 'YYYY-MM-DD'),15000000,0606033451, 'MCV006','BOT006');
INSERT INTO NHANVIEN (MANV, HONV, TENNV, GIOITINHNV,  DIACHINV, EMAILNV, SDTNV, NGAYSINHNV, NGAYVAOLAM, LUONG, CCCDNV, MACV, MATRAM)  
        VALUES ('NV0023', 'Lương Công', 'Tiến', 'Nam', 'Thanh Niên, Yên Phú, Tây Hồ, Hà Nội', 'Lct@gmail.com', '0912313993', to_date('1996/05/11', 'YYYY-MM-DD'), to_date('2019/11/05', 'YYYY-MM-DD'),20000000,0103023419, 'MCV003','BOT007');
INSERT INTO NHANVIEN (MANV, HONV, TENNV, GIOITINHNV,  DIACHINV, EMAILNV, SDTNV, NGAYSINHNV, NGAYVAOLAM, LUONG, CCCDNV, MACV, MATRAM)  
        VALUES ('NV0025', 'Trần Thị Như', 'Ý', 'Nữ', 'Xã Thương Yên Công, TP. Uông Bí, tỉnh Quảng Ninh', 'Tny@gmail.com', '0912313993', to_date('1998/01/21', 'YYYY-MM-DD'), to_date('2019/11/04', 'YYYY-MM-DD'),10000000,0100004451, 'MCV007','BOT013');
INSERT INTO NHANVIEN (MANV, HONV, TENNV, GIOITINHNV,  DIACHINV, EMAILNV, SDTNV, NGAYSINHNV, NGAYVAOLAM, LUONG, CCCDNV, MACV, MATRAM)  
        VALUES ('NV0026', 'Đỗ Kiều', 'Duy', 'Nam', '649 Trần Phú, khóm 1, phường 7, thành phố Bạc Liêu', 'Dkd@gmail.com', '0852785457', to_date('1998/04/06', 'YYYY-MM-DD'), to_date('2019/11/04', 'YYYY-MM-DD'),12000000,0146453000, 'MCV005','BOT044');
INSERT INTO NHANVIEN (MANV, HONV, TENNV, GIOITINHNV,  DIACHINV, EMAILNV, SDTNV, NGAYSINHNV, NGAYVAOLAM, LUONG, CCCDNV, MACV, MATRAM)  
        VALUES ('NV0027', 'Trần Ý', 'Vy', 'Nữ', '120, Trần Hưng Đạo, Thị xã Đức Phổ, Tỉnh Quảng Ngãi', 'Tyv@gmail.com', '0339317215', to_date('1999/12/01', 'YYYY-MM-DD'), to_date('2020/01/12', 'YYYY-MM-DD'),1000000,0938000451, 'MCV006','BOT029');
INSERT INTO NHANVIEN (MANV, HONV, TENNV, GIOITINHNV,  DIACHINV, EMAILNV, SDTNV, NGAYSINHNV, NGAYVAOLAM, LUONG, CCCDNV, MACV, MATRAM)  
        VALUES ('NV0028', 'Trần Vũ', 'Minh', 'Nam', 'Vĩnh Xuân, Phổ Phong, Thị xã Đức Phổ, Tỉnh Quảng Ngãi', 'Tvm@gmail.com', '0339317217', to_date('1999/05/09', 'YYYY-MM-DD'), to_date('2020/09/05', 'YYYY-MM-DD'),2000000,0938000434, 'MCV009','BOT029');
INSERT INTO NHANVIEN (MANV, HONV, TENNV, GIOITINHNV,  DIACHINV, EMAILNV, SDTNV, NGAYSINHNV, NGAYVAOLAM, LUONG, CCCDNV, MACV, MATRAM)  
        VALUES ('NV0029', 'Lê Quốc', 'Đạt', 'Nam', '237 Trương Định, Tân Mai, TP. Biên Hòa, tỉnh Đồng Nai', 'Lqd@gmail.com', '0339317223', to_date('1998/02/08', 'YYYY-MM-DD'), to_date('2019/08/02', 'YYYY-MM-DD'),700000,0938000445, 'MCV008','BOT059');
INSERT INTO NHANVIEN (MANV, HONV, TENNV, GIOITINHNV,  DIACHINV, EMAILNV, SDTNV, NGAYSINHNV, NGAYVAOLAM, LUONG, CCCDNV, MACV, MATRAM)  
        VALUES ('NV0030', 'Nguyễn Thị Cẩm', 'Hương', 'Nữ', 'Đường ĐT 741, Phước Bình, Phước Long, Bình Phước ', 'Nch@gmail.com', '0339317219', to_date('1998/12/03', 'YYYY-MM-DD'), to_date('2019/03/12', 'YYYY-MM-DD'),900000,0938210445, 'MCV006','BOT051');
INSERT INTO NHANVIEN (MANV, HONV, TENNV, GIOITINHNV,  DIACHINV, EMAILNV, SDTNV, NGAYSINHNV, NGAYVAOLAM, LUONG, CCCDNV, MACV, MATRAM)  
        VALUES ('NV0031', 'Trần Gia', 'Minh', 'Nam', '170 Hoàng Diệu, phường 9, quận 4, Tp.HCM', 'Tgm@gmail.com', '0872782366', to_date('1997/12/08', 'YYYY-MM-DD'), to_date('2021/08/12', 'YYYY-MM-DD'),900000,0968210445, 'MCV006','BOT010');
INSERT INTO NHANVIEN (MANV, HONV, TENNV, GIOITINHNV,  DIACHINV, EMAILNV, SDTNV, NGAYSINHNV, NGAYVAOLAM, LUONG, CCCDNV, MACV, MATRAM)  
        VALUES ('NV0032', 'Nguyễn Thanh', 'Nguyên', 'Nam', '48 Đường số 1, Phường 7, Gò Vấp, Tp.HCM', 'Ntn@gmail.com', '0913322468', to_date('1997/08/08', 'YYYY-MM-DD'), to_date('2021/08/01', 'YYYY-MM-DD'),900000,0968230445, 'MCV006','BOT011');
INSERT INTO NHANVIEN (MANV, HONV, TENNV, GIOITINHNV,  DIACHINV, EMAILNV, SDTNV, NGAYSINHNV, NGAYVAOLAM, LUONG, CCCDNV, MACV, MATRAM)  
        VALUES ('NV0033', 'Phan Thanh', 'Tâm', 'Nữ', '123A NGUYỄN KIỆM-Q.GÒ VẤP-TP.HCM', 'Ptt@gmail.com', '0338313419', to_date('1998/08/08', 'YYYY-MM-DD'), to_date('2021/02/01', 'YYYY-MM-DD'),800000,0928230465, 'MCV006','BOT012');
INSERT INTO NHANVIEN (MANV, HONV, TENNV, GIOITINHNV,  DIACHINV, EMAILNV, SDTNV, NGAYSINHNV, NGAYVAOLAM, LUONG, CCCDNV, MACV, MATRAM)  
        VALUES ('NV0034', 'Võ Cẩm', 'Nhung', 'Nữ', '32/65/9 TRẦN CAO VĂN-PHÚ NHUẬN-TP.HCM', 'Vcn@gmail.com', '0856493318', to_date('1997/04/01', 'YYYY-MM-DD'), to_date('2021/02/04', 'YYYY-MM-DD'),800000,0828230452, 'MCV006','BOT013');
INSERT INTO NHANVIEN (MANV, HONV, TENNV, GIOITINHNV,  DIACHINV, EMAILNV, SDTNV, NGAYSINHNV, NGAYVAOLAM, LUONG, CCCDNV, MACV, MATRAM)  
        VALUES ('NV0035', 'Nguyễn Thế', 'Duy', 'Nam', '455 XÔ VIẾT NGHỆ TĨNH, BÌNH THẠNH', 'Ntd@gmail.com', '0921239795', to_date('1998/04/09', 'YYYY-MM-DD'), to_date('2021/09/04', 'YYYY-MM-DD'),700000,0328230745, 'MCV008','BOT021');
INSERT INTO NHANVIEN (MANV, HONV, TENNV, GIOITINHNV,  DIACHINV, EMAILNV, SDTNV, NGAYSINHNV, NGAYVAOLAM, LUONG, CCCDNV, MACV, MATRAM)  
        VALUES ('NV0036', 'Lê Văn', 'Thinh', 'Nam', '41 XÓM CỦI', 'Lvt@gmail.com', '0874649876', to_date('1999/07/09', 'YYYY-MM-DD'), to_date('2020/09/07', 'YYYY-MM-DD'),800000,0289230415, 'MCV007','BOT022');
INSERT INTO NHANVIEN (MANV, HONV, TENNV, GIOITINHNV,  DIACHINV, EMAILNV, SDTNV, NGAYSINHNV, NGAYVAOLAM, LUONG, CCCDNV, MACV, MATRAM)  
        VALUES ('NV0037', 'Lê Văn', 'Khương', 'Nam', '1110 PHAN VĂN TRỊ', 'Lvk@gmail.com', '0972448166', to_date('1999/05/09', 'YYYY-MM-DD'), to_date('2020/09/05', 'YYYY-MM-DD'),900000,0568263055, 'MCV006','BOT031');
INSERT INTO NHANVIEN (MANV, HONV, TENNV, GIOITINHNV,  DIACHINV, EMAILNV, SDTNV, NGAYSINHNV, NGAYVAOLAM, LUONG, CCCDNV, MACV, MATRAM)  
        VALUES ('NV0038', 'Phạm Hoài', 'Thanh', 'Nữ', '123A Nguyễn Tri Phương-q5-TP.HCM', 'Pht@gmail.com', '0338327211', to_date('1998/08/09', 'YYYY-MM-DD'), to_date('2020/09/08', 'YYYY-MM-DD'),900000,0928230786, 'MCV006','BOT032');
INSERT INTO NHANVIEN (MANV, HONV, TENNV, GIOITINHNV,  DIACHINV, EMAILNV, SDTNV, NGAYSINHNV, NGAYVAOLAM, LUONG, CCCDNV, MACV, MATRAM)  
        VALUES ('NV0039', 'Vương Gia', 'Huệ', 'Nữ', '32/65 Phan Xích Long-Phú Nhuận-TP.HCM', 'Vgh@gmail.com', '0336327793', to_date('1998/04/12', 'YYYY-MM-DD'), to_date('2020/12/04', 'YYYY-MM-DD'),900000,0828231348, 'MCV006','BOT033');
INSERT INTO NHANVIEN (MANV, HONV, TENNV, GIOITINHNV,  DIACHINV, EMAILNV, SDTNV, NGAYSINHNV, NGAYVAOLAM, LUONG, CCCDNV, MACV, MATRAM)  
        VALUES ('NV0040', 'Nguyễn Đức', 'Trí', 'Nam', '455 Đồng Khởi', 'Ndt@gmail.com', '0356327520', to_date('1998/04/09', 'YYYY-MM-DD'), to_date('2020/09/04', 'YYYY-MM-DD'),900000,0328230257, 'MCV006','BOT034');
INSERT INTO NHANVIEN (MANV, HONV, TENNV, GIOITINHNV,  DIACHINV, EMAILNV, SDTNV, NGAYSINHNV, NGAYVAOLAM, LUONG, CCCDNV, MACV, MATRAM)  
        VALUES ('NV0041', 'Lý', 'Châu', 'Nam', '41A Nguyễn Thái Họcc, Q1, TPHCM', 'Lc@gmail.com', '0246327419', to_date('1998/05/07', 'YYYY-MM-DD'), to_date('2020/07/05', 'YYYY-MM-DD'),700000,0282309278, 'MCV010','BOT035');
INSERT INTO NHANVIEN (MANV, HONV, TENNV, GIOITINHNV,  DIACHINV, EMAILNV, SDTNV, NGAYSINHNV, NGAYVAOLAM, LUONG, CCCDNV, MACV, MATRAM)  
        VALUES ('NV0042', 'Lê Lâm Gia', 'Hân', 'Nam', '1230 Lê Văn Việt, TPHCM', 'Lgh@gmail.com', '0851397419', to_date('1998/09/06', 'YYYY-MM-DD'), to_date('2020/06/09', 'YYYY-MM-DD'),900000,0582301369, 'MCV006','BOT043');
INSERT INTO NHANVIEN (MANV, HONV, TENNV, GIOITINHNV,  DIACHINV, EMAILNV, SDTNV, NGAYSINHNV, NGAYVAOLAM, LUONG, CCCDNV, MACV, MATRAM)  
        VALUES ('NV0043', 'Huỳnh Ngọc', 'Yến', 'Nữ', '193 Cô Giang,Quận 1,TP.HCM', 'Hny@gmail.com', '0915712393', to_date('2000/07/14', 'YYYY-MM-DD'), to_date('2020/06/02', 'YYYY-MM-DD'),800000,0908823451, 'MCV007','BOT045');
INSERT INTO NHANVIEN (MANV, HONV, TENNV, GIOITINHNV,  DIACHINV, EMAILNV, SDTNV, NGAYSINHNV, NGAYVAOLAM, LUONG, CCCDNV, MACV, MATRAM)  
        VALUES ('NV0044', 'Vũ Hoàng', 'Quyên', 'Nữ', '31A/30 Nguyễn Quý Yêm,quận Bình Tân,TP.HCM', 'Vhq@gmail.com', '0915888893', to_date('2000/07/08', 'YYYY-MM-DD'), to_date('2020/06/03', 'YYYY-MM-DD'),700000,0788123451, 'MCV008','BOT046');
INSERT INTO NHANVIEN (MANV, HONV, TENNV, GIOITINHNV,  DIACHINV, EMAILNV, SDTNV, NGAYSINHNV, NGAYVAOLAM, LUONG, CCCDNV, MACV, MATRAM)  
        VALUES ('NV0045', 'Nguyễn Thị Hoài', 'Thu', 'Nữ', 'Lê Lợi,Quận 1,TP.HCM', 'Lht@gmail.com', '0320712214', to_date('1999/04/06', 'YYYY-MM-DD'), to_date('2021/06/04', 'YYYY-MM-DD'),900000,0882345129, 'MCV006','BOT047');
INSERT INTO NHANVIEN (MANV, HONV, TENNV, GIOITINHNV,  DIACHINV, EMAILNV, SDTNV, NGAYSINHNV, NGAYVAOLAM, LUONG, CCCDNV, MACV, MATRAM)  
        VALUES ('NV0046', 'Lê Hồng', 'Nhung', 'Nữ', '84 Đặng Văn Ngữ,Phường 10,Phú Nhuận,TP.HCM', 'Hnl@gmail.com', '0731564393', to_date('1999/04/05', 'YYYY-MM-DD'), to_date('2021/05/04', 'YYYY-MM-DD'),900000,0385848463, 'MCV006','BOT048');
INSERT INTO NHANVIEN (MANV, HONV, TENNV, GIOITINHNV,  DIACHINV, EMAILNV, SDTNV, NGAYSINHNV, NGAYVAOLAM, LUONG, CCCDNV, MACV, MATRAM)  
        VALUES ('NV0047', 'Mai Minh', 'Mẫn', 'Nữ', '78/12/8 TÂN HỢI', 'Mmm@gmail.com', '0732721383', to_date('1999/06/12', 'YYYY-MM-DD'), to_date('2021/12/06', 'YYYY-MM-DD'),900000,0395948483, 'MCV006','BOT051');
INSERT INTO NHANVIEN (MANV, HONV, TENNV, GIOITINHNV,  DIACHINV, EMAILNV, SDTNV, NGAYSINHNV, NGAYVAOLAM, LUONG, CCCDNV, MACV, MATRAM)  
        VALUES ('NV0048', 'Nguyễn Thị Minh', 'Ngọc', 'Nữ', '123/6 BIS LÊ THÁNH TÔN, Q1, TPHCM', 'Nmn@gmail.com', '0731566790', to_date('2000/06/12', 'YYYY-MM-DD'), to_date('2021/03/06', 'YYYY-MM-DD'),900000,0395942793, 'MCV006','BOT052');
INSERT INTO NHANVIEN (MANV, HONV, TENNV, GIOITINHNV,  DIACHINV, EMAILNV, SDTNV, NGAYSINHNV, NGAYVAOLAM, LUONG, CCCDNV, MACV, MATRAM)  
        VALUES ('NV0049', 'Lê Thủy', 'Tiên', 'Nữ', '67 BIS NGUYỄN THƯỢNG HIỀN, Q.BÌNH THẠNH, TPHCM', 'Ltt@gmail.com', '0831554496', to_date('2000/05/11', 'YYYY-MM-DD'), to_date('2020/03/06', 'YYYY-MM-DD'),900000,0867947463, 'MCV006','BOT053');
INSERT INTO NHANVIEN (MANV, HONV, TENNV, GIOITINHNV,  DIACHINV, EMAILNV, SDTNV, NGAYSINHNV, NGAYVAOLAM, LUONG, CCCDNV, MACV, MATRAM)  
        VALUES ('NV0050', 'Bùi Bảo', 'Hân', 'Nữ', 'NGÕ 6, PHỐ THANH XUÂN, HÀ NỘI', 'Bbh@gmail.com', '0874648899', to_date('2000/11/05', 'YYYY-MM-DD'), to_date('2021/01/06', 'YYYY-MM-DD'),900000,0375948293, 'MCV006','BOT054');
INSERT INTO NHANVIEN (MANV, HONV, TENNV, GIOITINHNV,  DIACHINV, EMAILNV, SDTNV, NGAYSINHNV, NGAYVAOLAM, LUONG, CCCDNV, MACV, MATRAM)  
        VALUES ('NV0051', 'Nguyễn Thị', 'Hạnh', 'Nữ', '178/97 AN DƯƠNG VƯƠNG', 'Nth@gmail.com', '0952785450', to_date('1999/11/05', 'YYYY-MM-DD'), to_date('2021/01/04', 'YYYY-MM-DD'),900000,0365945522, 'MCV006','BOT055');
INSERT INTO NHANVIEN (MANV, HONV, TENNV, GIOITINHNV,  DIACHINV, EMAILNV, SDTNV, NGAYSINHNV, NGAYVAOLAM, LUONG, CCCDNV, MACV, MATRAM)  
        VALUES ('NV0052', 'Lâm Bảo', 'Ngọc', 'Nữ', '41 Kỳ Đồng, Phường 9, Quận 3, Tp.HCM', 'Lbn@gmail.com', '0731635504', to_date('1998/08/02', 'YYYY-MM-DD'), to_date('2021/02/08', 'YYYY-MM-DD'),900000,0345952569, 'MCV006','BOT056');
INSERT INTO NHANVIEN (MANV, HONV, TENNV, GIOITINHNV,  DIACHINV, EMAILNV, SDTNV, NGAYSINHNV, NGAYVAOLAM, LUONG, CCCDNV, MACV, MATRAM)  
        VALUES ('NV0053', 'Nguyễn Quỳnh', 'Hương', 'Nữ', '134C Hoàng Hoa Thám, Phường 12, Quận Tân Bình, TPHCM', 'Nqh@gmail.com', '0915289914', to_date('1998/08/12', 'YYYY-MM-DD'), to_date('2020/12/09', 'YYYY-MM-DD'),900000,0391942463, 'MCV006','BOT022');
INSERT INTO NHANVIEN (MANV, HONV, TENNV, GIOITINHNV,  DIACHINV, EMAILNV, SDTNV, NGAYSINHNV, NGAYVAOLAM, LUONG, CCCDNV, MACV, MATRAM)  
        VALUES ('NV0054', 'Nguyễn Thị Thúy', 'Hảo', 'Nữ', '120 Đường số 7, Bình trị đông B, Quận Bình Tân, HCM', 'Htn@gmail.com', '0845289908', to_date('1998/04/03', 'YYYY-MM-DD'), to_date('2021/03/04', 'YYYY-MM-DD'),900000,0392945277, 'MCV006','BOT018');
INSERT INTO NHANVIEN (MANV, HONV, TENNV, GIOITINHNV,  DIACHINV, EMAILNV, SDTNV, NGAYSINHNV, NGAYVAOLAM, LUONG, CCCDNV, MACV, MATRAM)  
        VALUES ('NV0055', 'Phan Ngọc Hồng', 'Hạnh', 'Nữ', '74 Nguyễn Thị Thập, Him Lam, Quận 7, TPHCM', 'Phh@gmail.com', '0715703322', to_date('1998/08/08', 'YYYY-MM-DD'), to_date('2021/08/08', 'YYYY-MM-DD'),900000,0393962984, 'MCV006','BOT019');
INSERT INTO NHANVIEN (MANV, HONV, TENNV, GIOITINHNV,  DIACHINV, EMAILNV, SDTNV, NGAYSINHNV, NGAYVAOLAM, LUONG, CCCDNV, MACV, MATRAM)  
        VALUES ('NV0056', 'Hoàng Bảo Kiều', 'Trinh', 'Nữ', '229 Hậu Giang, phường 2, Quận 6, TPHCM', 'Hkt@gmail.com', '0282253868', to_date('1998/06/04', 'YYYY-MM-DD'), to_date('2021/04/06', 'YYYY-MM-DD'),900000,0394915171, 'MCV006','BOT020');
INSERT INTO NHANVIEN (MANV, HONV, TENNV, GIOITINHNV,  DIACHINV, EMAILNV, SDTNV, NGAYSINHNV, NGAYVAOLAM, LUONG, CCCDNV, MACV, MATRAM)  
        VALUES ('NV0057', 'Trần Hồng', 'Thịnh', 'Nam', '492 Ngô Gia Tự, phường 4, quận 10, TPHCM', 'Tht@gmail.com', '0911620307', to_date('2000/02/04', 'YYYY-MM-DD'), to_date('2021/04/02', 'YYYY-MM-DD'),800000,0995942119, 'MCV007','BOT030');
INSERT INTO NHANVIEN (MANV, HONV, TENNV, GIOITINHNV,  DIACHINV, EMAILNV, SDTNV, NGAYSINHNV, NGAYVAOLAM, LUONG, CCCDNV, MACV, MATRAM)  
        VALUES ('NV0058', 'Đỗ ', 'Quyên', 'Nữ', 'Thị Xã Giá Rai, Bạc Liêu', 'quyendodo@gmail.com', '0911333307', to_date('1998/06/04', 'YYYY-MM-DD'), to_date('2021/04/02', 'YYYY-MM-DD'),7000000,0911942119, 'MCV006','BOT044');
INSERT INTO NHANVIEN (MANV, HONV, TENNV, GIOITINHNV,  DIACHINV, EMAILNV, SDTNV, NGAYSINHNV, NGAYVAOLAM, LUONG, CCCDNV, MACV, MATRAM)  
        VALUES ('NV0059', 'Lệ', 'Chi', 'Nữ', 'Trần Phú, Thành phố Bạc Liêu', 'lechidien@gmail.com', '0918883307', to_date('1997/02/03', 'YYYY-MM-DD'), to_date('2020/02/02', 'YYYY-MM-DD'),800000,0914891119, 'MCV007','BOT045');
INSERT INTO NHANVIEN (MANV, HONV, TENNV, GIOITINHNV,  DIACHINV, EMAILNV, SDTNV, NGAYSINHNV, NGAYVAOLAM, LUONG, CCCDNV, MACV, MATRAM)  
        VALUES ('NV0060', 'Keo ', 'Li', 'Nữ', 'Ấp Diêm Điền, xã Điền Hải, Huyện Đông Hải, tỉnh Bạc Liêu', 'keoliii@gmail.com', '0911330007', to_date('2002/11/11', 'YYYY-MM-DD'), to_date('2021/04/02', 'YYYY-MM-DD'),12000000,0900042119, 'MCV009','BOT044');
INSERT INTO NHANVIEN (MANV, HONV, TENNV, GIOITINHNV,  DIACHINV, EMAILNV, SDTNV, NGAYSINHNV, NGAYVAOLAM, LUONG, CCCDNV, MACV, MATRAM)  
        VALUES ('NV0061', 'Lan ', 'Trinh', 'Nữ', 'Trần Phú, Thành phố Bạc Liêu', 'lantrinhmam@gmail.com', '0911333307', to_date('1999/08/12', 'YYYY-MM-DD'), to_date('2022/04/01', 'YYYY-MM-DD'),7000000,0231942119, 'MCV006','BOT044');
INSERT INTO NHANVIEN (MANV, HONV, TENNV, GIOITINHNV,  DIACHINV, EMAILNV, SDTNV, NGAYSINHNV, NGAYVAOLAM, LUONG, CCCDNV, MACV, MATRAM)  
        VALUES ('NV0062', 'Kem', 'Trinh', 'Nữ', '1231 Lê Văn Việt, TPHCM', 'kemtrinhmaiman@gmail.com', '0851117219', to_date('1998/09/06', 'YYYY-MM-DD'), to_date('2020/06/09', 'YYYY-MM-DD'),900000,0580001399, 'MCV006','BOT029');


INSERT INTO PHUONGTIENTHUPHI (MALOAIXE, GHICHU) 
        VALUES ('MLX1', 'Xe dưới 12 ghế ngồi, tải trọng dưới 2 tấn, xe buýt công cộng');
INSERT INTO PHUONGTIENTHUPHI (MALOAIXE, GHICHU) 
        VALUES ('MLX2', 'Xe từ 12-30 ghế ngồi, tải trọng từ 2-4 tấn');
INSERT INTO PHUONGTIENTHUPHI (MALOAIXE, GHICHU) 
        VALUES ('MLX3', 'Xe từ 31 ghế ngồi, tải trọng 4-10 tấn, xe đầu kéo không kéo theo ro mooc');
INSERT INTO PHUONGTIENTHUPHI (MALOAIXE, GHICHU) 
        VALUES ('MLX4', 'Xe có tải trọng từ 10-18 tấn, xe chở hàng bằng container 20 feet');
INSERT INTO PHUONGTIENTHUPHI (MALOAIXE, GHICHU) 
        VALUES ('MLX5', 'Xe có tải trọng từ 18 tấn trở lên, xe chở hàng bằng container 40 feet');


INSERT INTO KHACHHANG (MAKH, HOKH, TENKH, NGAYSINHKH, GIOITINHKH, DIACHIKH, EMAILKH, SDTKH, CCCDKH)
        VALUES ('KH0001', 'Lê Hoàng', 'Dương', to_date('1989/03/04', 'YYYY-MM-DD'), 'Nam', '183/29G Tân Hoà Đông,Phường 14,Quận 6,TP.HCM', 'Lhd@gmail.com', 0339852705, 097301012389);
INSERT INTO KHACHHANG (MAKH, HOKH, TENKH, NGAYSINHKH, GIOITINHKH, DIACHIKH, EMAILKH, SDTKH, CCCDKH)
        VALUES ('KH0002', 'Trần Xuân', 'Hiên', to_date('1999/02/16', 'YYYY-MM-DD'), 'Nữ', '99A Trần Văn Đang,P.9,Quận 3,TP.HCM', 'Txh@gmail.com', 0827393993, 097301012727);
INSERT INTO KHACHHANG (MAKH, HOKH, TENKH, NGAYSINHKH, GIOITINHKH, DIACHIKH, EMAILKH, SDTKH, CCCDKH)
        VALUES ('KH0003', 'Lê Nhật', 'Tường', to_date('1997/01/05', 'YYYY-MM-DD'), 'Nam', '145 Nguyễn Gia Trí,Phường 25,Quận Bình Th?nh,,TP.HCM', 'Lnt@gmail.com', 0339317215, 097301012419);
INSERT INTO KHACHHANG (MAKH, HOKH, TENKH, NGAYSINHKH, GIOITINHKH, DIACHIKH, EMAILKH, SDTKH, CCCDKH)
        VALUES ('KH0004', 'Vũ Minh', 'Trí', to_date('1989/12/10', 'YYYY-MM-DD'), 'Nam', 'C218 Xóm Chiếu,Quận 4,TP.HCM', 'Vmt@gmail.com', 0903393993, 097301012635);
INSERT INTO KHACHHANG (MAKH, HOKH, TENKH, NGAYSINHKH, GIOITINHKH, DIACHIKH, EMAILKH, SDTKH, CCCDKH)
        VALUES ('KH0005', 'Vũ Thu', 'Phương', to_date('1999/06/20', 'YYYY-MM-DD'), 'Nam', '243/29E Tôn Đản,P.15,Quận 4,TP.HCM', 'Vtp@gmail.com', 0852785457, 097301012511);               
INSERT INTO KHACHHANG (MAKH, HOKH, TENKH, NGAYSINHKH, GIOITINHKH, DIACHIKH, EMAILKH, SDTKH, CCCDKH)
        VALUES ('KH0006', 'Đoàn Kim', 'Anh', to_date('1999/10/03', 'YYYY-MM-DD'), 'Nữ', '150 Lê Văn Sỷ,Phường 10,Phú Nhuận,TP.HCM', 'Dka@gmail.com', 0939393993, 097301012433);  
INSERT INTO KHACHHANG (MAKH, HOKH, TENKH, NGAYSINHKH, GIOITINHKH, DIACHIKH, EMAILKH, SDTKH, CCCDKH)
        VALUES ('KH0007', 'Quách Xuân', 'Linh', to_date('1999/10/03', 'YYYY-MM-DD'), 'Nam', '223 Trần Bình Trọng,Quận 5,TP.HCM', 'Qxl@gmail.com', 0930339373, 097301012716); 
INSERT INTO KHACHHANG (MAKH, HOKH, TENKH, NGAYSINHKH, GIOITINHKH, DIACHIKH, EMAILKH, SDTKH, CCCDKH)
        VALUES ('KH0008', 'Trần Tùng', 'Duy', to_date('2000/12/27', 'YYYY-MM-DD'), 'Nam', '346 Lê Văn Sỹ,Phường 2,Quận Tân Bình,TP.HCM', 'Ttd@gmail.com', 0852785457, 097301012308); 
INSERT INTO KHACHHANG (MAKH, HOKH, TENKH, NGAYSINHKH, GIOITINHKH, DIACHIKH, EMAILKH, SDTKH, CCCDKH)
        VALUES ('KH0009', 'Hồ Phương', 'Anh', to_date('1998/08/04', 'YYYY-MM-DD'), 'Nữ', 'Hẻm 386/43B Lê Văn Sỹ,Phường 14,Quận 3,TP.HCM', 'Hpa@gmail.com', 0085278993, 097301012827); 
INSERT INTO KHACHHANG (MAKH, HOKH, TENKH, NGAYSINHKH, GIOITINHKH, DIACHIKH, EMAILKH, SDTKH, CCCDKH)
        VALUES ('KH0010', 'Mai Phương', 'Anh', to_date('1997/04/06', 'YYYY-MM-DD'), 'Nữ', 'số 75, đường số 18, phường 8, Quảng Ngãi', 'Mpa@gmail.com', 0339319922, 097301012533); 
INSERT INTO KHACHHANG (MAKH, HOKH, TENKH, NGAYSINHKH, GIOITINHKH, DIACHIKH, EMAILKH, SDTKH, CCCDKH)
        VALUES ('KH0011', 'Phan Bá', 'Tú', to_date('1997/04/06', 'YYYY-MM-DD'), 'Nam', '147 đường số 9,Phước Bình,Quận 9,TP.HCM', 'Pbt@gmail.com', 0339317831, 097301012111); 
INSERT INTO KHACHHANG (MAKH, HOKH, TENKH, NGAYSINHKH, GIOITINHKH, DIACHIKH, EMAILKH, SDTKH, CCCDKH)
        VALUES ('KH0012', 'Lê Minh', 'Trương', to_date('1997/04/06', 'YYYY-MM-DD'), 'Nam', '20/36 Hồ Đắc Di, quận Tân Phú, TPHCM', 'Tml@gmail.com', 0339310211, 097301012970);
INSERT INTO KHACHHANG (MAKH, HOKH, TENKH, NGAYSINHKH, GIOITINHKH, DIACHIKH, EMAILKH, SDTKH, CCCDKH)
        VALUES ('KH0013', 'Nguyễn Thị Thùy', 'Linh', to_date('1997/06/06', 'YYYY-MM-DD'), 'Nữ', '250 Nguyễn Thái Bình, P12, Tân Bình', 'Ntl@gmail.com', 0939317444, 097301012843);
INSERT INTO KHACHHANG (MAKH, HOKH, TENKH, NGAYSINHKH, GIOITINHKH, DIACHIKH, EMAILKH, SDTKH, CCCDKH)
        VALUES ('KH0014', 'Phạm Đặng Minh', 'Nhật', to_date('1998/04/06', 'YYYY-MM-DD'), 'Nam', '240 Nguyễn Thái Bình, Phường 12, Quận Tân Bình', 'Pdn@gmail.com', 0859317206, 097301012226);
INSERT INTO KHACHHANG (MAKH, HOKH, TENKH, NGAYSINHKH, GIOITINHKH, DIACHIKH, EMAILKH, SDTKH, CCCDKH)
        VALUES ('KH0015', 'Phan Văn', 'Phú', to_date('1998/03/06', 'YYYY-MM-DD'), 'Nam', 'Tân Định, quận 1, TPHCM', 'Pvp@gmail.com', 033931721, 097301012401);        
INSERT INTO KHACHHANG (MAKH, HOKH, TENKH, NGAYSINHKH, GIOITINHKH, DIACHIKH, EMAILKH, SDTKH, CCCDKH)
        VALUES ('KH0016', 'Trần Thị Thu', 'Hằng', to_date('1998/03/04', 'YYYY-MM-DD'), 'Nữ', 'hẻm 166 Lý Thái Tổ, phường 1, quận 3, TPHCM', 'Tth@gmail.com', 0789317475, 097301012516);           
INSERT INTO KHACHHANG (MAKH, HOKH, TENKH, NGAYSINHKH, GIOITINHKH, DIACHIKH, EMAILKH, SDTKH, CCCDKH)
        VALUES ('KH0017', 'Nguyễn Đức', 'Tài', to_date('1997/07/04', 'YYYY-MM-DD'), 'Nam', '40 Hồng Bàng, phường 1, quận Bình Thạnh, TPHCM', 'Ndt@gmail.com', 0859317433, 097301012507);               
INSERT INTO KHACHHANG (MAKH, HOKH, TENKH, NGAYSINHKH, GIOITINHKH, DIACHIKH, EMAILKH, SDTKH, CCCDKH)
        VALUES ('KH0018', 'Nguyễn Đình Lâm', 'Bích', to_date('1998/02/08', 'YYYY-MM-DD'), 'Nữ', '25 Cô Bắc, Cầu Ông Lãnh, quận 1, TPHCM', 'Ndb@gmail.com', 0939317707, 097301012933);               
INSERT INTO KHACHHANG (MAKH, HOKH, TENKH, NGAYSINHKH, GIOITINHKH, DIACHIKH, EMAILKH, SDTKH, CCCDKH)
        VALUES ('KH0019', 'Lương Trung', 'Hoàng', to_date('1997/04/06', 'YYYY-MM-DD'), 'Nam', '376 Võ Văn Kiệt, Cô Giang, quận 1, TPHCM', 'Lth@gmail.com', 0839317246, 097301019606);               
INSERT INTO KHACHHANG (MAKH, HOKH, TENKH, NGAYSINHKH, GIOITINHKH, DIACHIKH, EMAILKH, SDTKH, CCCDKH)
        VALUES ('KH0020', 'Phương Minh', 'Nam', to_date('2000/10/09', 'YYYY-MM-DD'), 'Nam', '44 Hoa Hồng, Phường 2, Quận Phú Nhuận', 'Pmn@gmail.com', 0339317547, 097301013548);       
INSERT INTO KHACHHANG (MAKH, HOKH, TENKH, NGAYSINHKH, GIOITINHKH, DIACHIKH, EMAILKH, SDTKH, CCCDKH)
        VALUES ('KH0021', 'Nguyễn Hưng', 'Phát', to_date('1993/06/09', 'YYYY-MM-DD'), 'Nam', 'Hẻm 125/48 Lê Đức Thọ,Phường 7,Gò Vấp,TP.HCM', 'nhphat123@gmail.com', 0939789393, 845823451);  
INSERT INTO KHACHHANG (MAKH, HOKH, TENKH, NGAYSINHKH, GIOITINHKH, DIACHIKH, EMAILKH, SDTKH, CCCDKH)
        VALUES ('KH0022', 'Lương Công', 'Tiến', to_date('1995/05/04', 'YYYY-MM-DD'), 'Nam', '67 Số 30,Phường 7,Gò Vấp,TP.HCM', 'tiencongluong@gmail.com', 0942296545, 385821000);  
INSERT INTO KHACHHANG (MAKH, HOKH, TENKH, NGAYSINHKH, GIOITINHKH, DIACHIKH, EMAILKH, SDTKH, CCCDKH)
        VALUES ('KH0023', 'Đinh Như', 'Ý', to_date('1999/9/28', 'YYYY-MM-DD'), 'Nữ', '426 Tên Lửa,Bình Trị Đông B,Bình Tân,TP.HCM', 'dinhnhuy@gmail.com', 0934767898, 885823451);           
INSERT INTO KHACHHANG (MAKH, HOKH, TENKH, NGAYSINHKH, GIOITINHKH, DIACHIKH, EMAILKH, SDTKH, CCCDKH)
        VALUES ('KH0024', 'Vũ Tường', 'Nguyên', to_date('1998/12/05', 'YYYY-MM-DD'), 'Nam', 'Số 22 Nguyễn Ảnh Thủ,Bà Điểm,Hóc Môn,TP.HCM', 'nguyenvu2310@gmail.com', 0939789900, 883451451);           
INSERT INTO KHACHHANG (MAKH, HOKH, TENKH, NGAYSINHKH, GIOITINHKH, DIACHIKH, EMAILKH, SDTKH, CCCDKH)
        VALUES ('KH0025', 'Đặng Minh', 'Tâm', to_date('2001/01/16', 'YYYY-MM-DD'), 'Nam', '27 Lê Cao Lãng,Phú Thạnh,Tân Phú,TP.HCM', 'dangminhtam@gmail.com', 0939339900, 822319551);          
INSERT INTO KHACHHANG (MAKH, HOKH, TENKH, NGAYSINHKH, GIOITINHKH, DIACHIKH, EMAILKH, SDTKH, CCCDKH)
        VALUES ('KH0026', 'Lê Đức', 'Trọng', to_date('2001/11/21', 'YYYY-MM-DD'), 'Nam', '337/2 Lê Văn Sỹ,Phường 1,Tân Bình,TP.HCM', 'ductronggg@gmail.com', 0908166188, 222319551);   
INSERT INTO KHACHHANG (MAKH, HOKH, TENKH, NGAYSINHKH, GIOITINHKH, DIACHIKH, EMAILKH, SDTKH, CCCDKH)
        VALUES ('KH0027', 'Trịnh Tuấn', 'Dũng', to_date('1995/01/10', 'YYYY-MM-DD'), 'Nam', '269 Linh Đông,P.Linh Đông,Quận Thủ Đức,TP.HCM', 'tuandungtrinh@gmail.com', 0916338899, 222389551);   
INSERT INTO KHACHHANG (MAKH, HOKH, TENKH, NGAYSINHKH, GIOITINHKH, DIACHIKH, EMAILKH, SDTKH, CCCDKH)
        VALUES ('KH0028', 'Nguyễn Nhật', 'Huy', to_date('2001/07/08', 'YYYY-MM-DD'), 'Nam', '33 Mã Lò,phường Bình Trị Đông A,quận Bình Tân,TP.HCM', 'nhathuyday@gmail.com', 0909888777, 389551551);  
INSERT INTO KHACHHANG (MAKH, HOKH, TENKH, NGAYSINHKH, GIOITINHKH, DIACHIKH, EMAILKH, SDTKH, CCCDKH)
        VALUES ('KH0030', 'Đinh Thảo', 'Uyên', to_date('1997/04/25', 'YYYY-MM-DD'), 'Nữ', '110 Ca Văn Thỉnh,Phường 13,Tân Bình,TP.HCM', 'dinhthaouyen@gmail.com', 0939707993, 223419551);
INSERT INTO KHACHHANG (MAKH, HOKH, TENKH, NGAYSINHKH, GIOITINHKH, DIACHIKH, EMAILKH, SDTKH, CCCDKH)
        VALUES ('KH0031', 'Huỳnh Thị Kim', 'Cương', to_date('1990/10/24', 'YYYY-MM-DD'), 'Nữ', '23 Lê Lợi, Quận 1,TP.HCM', 'diamonddouble@gmail.com', 0999907993, 223839259);


INSERT INTO XE (MAXE, BIENSOXE, MAKH, MALOAIXE) 
            VALUES ('MXL101', '51-T1 60325', 'KH0004', 'MLX1');
INSERT INTO XE (MAXE, BIENSOXE, MAKH, MALOAIXE) 
            VALUES ('MXL102', '51-T1 60225', 'KH0002', 'MLX1');
INSERT INTO XE (MAXE, BIENSOXE, MAKH, MALOAIXE) 
            VALUES ('MXL103', '51-T1 60345', 'KH0006', 'MLX1');
INSERT INTO XE (MAXE, BIENSOXE, MAKH, MALOAIXE) 
            VALUES ('MXL104', '51-T1 62325', 'KH0007', 'MLX1');
INSERT INTO XE (MAXE, BIENSOXE, MAKH, MALOAIXE) 
            VALUES ('MXL105', '50-T1 60385', 'KH0003', 'MLX1');
INSERT INTO XE (MAXE, BIENSOXE, MAKH, MALOAIXE) 
            VALUES ('MXL106', '50-T1 50325', 'KH0008', 'MLX1');
INSERT INTO XE (MAXE, BIENSOXE, MAKH, MALOAIXE) 
            VALUES ('MXL107', '54-T1 80325', 'KH0001', 'MLX1');
INSERT INTO XE (MAXE, BIENSOXE, MAKH, MALOAIXE) 
            VALUES ('MXL108', '59-T1 60324', 'KH0005', 'MLX1');
INSERT INTO XE (MAXE, BIENSOXE, MAKH, MALOAIXE) 
            VALUES ('MXL109', '59-T1 80345', 'KH0009', 'MLX1');
INSERT INTO XE (MAXE, BIENSOXE, MAKH, MALOAIXE) 
            VALUES ('MXL110', '51-T1 60465', 'KH0010', 'MLX1');
INSERT INTO XE (MAXE, BIENSOXE, MAKH, MALOAIXE) 
            VALUES ('MXL201', '76-H1 33259', 'KH0011', 'MLX2');
INSERT INTO XE (MAXE, BIENSOXE, MAKH, MALOAIXE) 
            VALUES ('MXL202', '76-H1 33269', 'KH0012', 'MLX2');     
INSERT INTO XE (MAXE, BIENSOXE, MAKH, MALOAIXE) 
            VALUES ('MXL203', '76-V1 88259', 'KH0013', 'MLX2'); 
INSERT INTO XE (MAXE, BIENSOXE, MAKH, MALOAIXE) 
            VALUES ('MXL204', '76-T8 33439', 'KH0014', 'MLX2'); 
INSERT INTO XE (MAXE, BIENSOXE, MAKH, MALOAIXE) 
            VALUES ('MXL205', '76-H1 33242', 'KH0015', 'MLX2'); 
INSERT INTO XE (MAXE, BIENSOXE, MAKH, MALOAIXE) 
            VALUES ('MXL206', '76-T8 34759', 'KH0016', 'MLX2');  
INSERT INTO XE (MAXE, BIENSOXE, MAKH, MALOAIXE) 
            VALUES ('MXL207', '76-H1 63279', 'KH0017', 'MLX2');            
INSERT INTO XE (MAXE, BIENSOXE, MAKH, MALOAIXE) 
            VALUES ('MXL208', '76-V1 39219', 'KH0018', 'MLX2');            
INSERT INTO XE (MAXE, BIENSOXE, MAKH, MALOAIXE) 
            VALUES ('MXL209', '76-T8 39089', 'KH0019', 'MLX2');            
INSERT INTO XE (MAXE, BIENSOXE, MAKH, MALOAIXE) 
            VALUES ('MXL210', '76-H1 59092', 'KH0020', 'MLX2'); 
INSERT INTO XE (MAXE, BIENSOXE, MAKH, MALOAIXE) 
            VALUES ('MXL301', '37C-07826', 'KH0021', 'MLX3');            
INSERT INTO XE (MAXE, BIENSOXE, MAKH, MALOAIXE) 
            VALUES ('MXL302', '47F-08826', 'KH0022', 'MLX3');             
INSERT INTO XE (MAXE, BIENSOXE, MAKH, MALOAIXE) 
            VALUES ('MXL303', '37C-06826', 'KH0023', 'MLX3');   
INSERT INTO XE (MAXE, BIENSOXE, MAKH, MALOAIXE) 
            VALUES ('MXL304', '57C-07226', 'KH0024', 'MLX3');    
 INSERT INTO XE (MAXE, BIENSOXE, MAKH, MALOAIXE) 
            VALUES ('MXL305', '67C-07326', 'KH0025', 'MLX3');   
INSERT INTO XE (MAXE, BIENSOXE, MAKH, MALOAIXE) 
            VALUES ('MXL306', '77C-07426', 'KH0026', 'MLX3'); 
INSERT INTO XE (MAXE, BIENSOXE, MAKH, MALOAIXE) 
            VALUES ('MXL307', '74C-07626', 'KH0027', 'MLX3'); 
INSERT INTO XE (MAXE, BIENSOXE, MAKH, MALOAIXE) 
            VALUES ('MXL308', '94C-07926', 'KH0004', 'MLX3'); 
INSERT INTO XE (MAXE, BIENSOXE, MAKH, MALOAIXE) 
            VALUES ('MXL309', '43C-07826', 'KH0005', 'MLX3'); 
INSERT INTO XE (MAXE, BIENSOXE, MAKH, MALOAIXE) 
            VALUES ('MXL310', '83C-07826', 'KH0006', 'MLX3'); 
INSERT INTO XE (MAXE, BIENSOXE, MAKH, MALOAIXE) 
            VALUES ('MXL401', '76C-72989', 'KH0007', 'MLX4'); 
INSERT INTO XE (MAXE, BIENSOXE, MAKH, MALOAIXE) 
            VALUES ('MXL402', '77H-73989', 'KH0008', 'MLX4'); 
INSERT INTO XE (MAXE, BIENSOXE, MAKH, MALOAIXE) 
            VALUES ('MXL403', '74B-74989', 'KH0009', 'MLX4'); 
INSERT INTO XE (MAXE, BIENSOXE, MAKH, MALOAIXE) 
            VALUES ('MXL404', '75F-75989', 'KH0010', 'MLX4'); 
INSERT INTO XE (MAXE, BIENSOXE, MAKH, MALOAIXE) 
            VALUES ('MXL405', '77D-76989', 'KH0011', 'MLX4'); 
INSERT INTO XE (MAXE, BIENSOXE, MAKH, MALOAIXE) 
            VALUES ('MXL406', '78K-72189', 'KH0012', 'MLX4'); 
INSERT INTO XE (MAXE, BIENSOXE, MAKH, MALOAIXE) 
            VALUES ('MXL407', '79L-72289', 'KH0013', 'MLX4'); 
INSERT INTO XE (MAXE, BIENSOXE, MAKH, MALOAIXE) 
            VALUES ('MXL408', '82M-72389', 'KH0014', 'MLX4'); 
INSERT INTO XE (MAXE, BIENSOXE, MAKH, MALOAIXE) 
            VALUES ('MXL409', '84V-72489', 'KH0015', 'MLX4'); 
INSERT INTO XE (MAXE, BIENSOXE, MAKH, MALOAIXE) 
            VALUES ('MXL410', '94S-72589', 'KH0016', 'MLX4'); 
INSERT INTO XE (MAXE, BIENSOXE, MAKH, MALOAIXE) 
            VALUES ('MXL501', '57L-5683', 'KH0018', 'MLX5'); 
INSERT INTO XE (MAXE, BIENSOXE, MAKH, MALOAIXE) 
            VALUES ('MXL502', '58M-5783', 'KH0019', 'MLX5'); 
INSERT INTO XE (MAXE, BIENSOXE, MAKH, MALOAIXE) 
            VALUES ('MXL503', '59N-5883', 'KH0020', 'MLX5'); 
INSERT INTO XE (MAXE, BIENSOXE, MAKH, MALOAIXE) 
            VALUES ('MXL504', '60O-5983', 'KH0021', 'MLX5'); 
INSERT INTO XE (MAXE, BIENSOXE, MAKH, MALOAIXE) 
            VALUES ('MXL505', '61P-1318', 'KH0023', 'MLX5'); 
INSERT INTO XE (MAXE, BIENSOXE, MAKH, MALOAIXE) 
            VALUES ('MXL506', '62Q-1418', 'KH0024', 'MLX5'); 
INSERT INTO XE (MAXE, BIENSOXE, MAKH, MALOAIXE) 
            VALUES ('MXL507', '15C-11957', 'KH0025', 'MLX5'); 
INSERT INTO XE (MAXE, BIENSOXE, MAKH, MALOAIXE) 
            VALUES ('MXL508', '16D-12957', 'KH0026', 'MLX5');   
INSERT INTO XE (MAXE, BIENSOXE, MAKH, MALOAIXE) 
            VALUES ('MXL509', '17E-13957', 'KH0027', 'MLX5'); 
INSERT INTO XE (MAXE, BIENSOXE, MAKH, MALOAIXE) 
            VALUES ('MXL510', '18C-14957', 'KH0028', 'MLX5'); 
INSERT INTO XE (MAXE, BIENSOXE, MAKH, MALOAIXE) 
            VALUES ('MXL610', '59C-14957', 'KH0031', 'MLX5'); 
    
            
INSERT INTO VIPHAM(MAVIPHAM,TENVIPHAM,MUCPHAT) VALUES('VP0000','Không Vi Phạm','0');
INSERT INTO VIPHAM(MAVIPHAM,TENVIPHAM,MUCPHAT) VALUES('VP0001','Người điều khiển xe không chấp hành hiệu lệnh, chỉ dẫn của biển báo hiệu, vạch kẻ đường','300000');
INSERT INTO VIPHAM(MAVIPHAM,TENVIPHAM,MUCPHAT) VALUES('VP0002','Người điều khiển xe đi không đúng phân không hoăc làn đường quy định','4000000');
INSERT INTO VIPHAM(MAVIPHAM,TENVIPHAM,MUCPHAT) VALUES('VP0003','Người điều khiển xe không chấp hành hiệu lệnh, hướng dẫn của người điều khiển giao thông hoặc người kiểm soát giao thông','4000000');
INSERT INTO VIPHAM(MAVIPHAM,TENVIPHAM,MUCPHAT) VALUES('VP0004','Ô tô vào làn xe máy để tránh trạm thu phí','10400000');
INSERT INTO VIPHAM(MAVIPHAM,TENVIPHAM,MUCPHAT) VALUES('VP0005','Xe không dán thẻ thu phí mà đi qua làn tự động','2000000');
INSERT INTO VIPHAM(MAVIPHAM,TENVIPHAM,MUCPHAT) VALUES('VP0006','Dừng xe, đỗ xe, quay đầu xe trái quy định gây ùn tắc giao thông','2000000');
INSERT INTO VIPHAM(MAVIPHAM,TENVIPHAM,MUCPHAT) VALUES('VP0007','Không chấp hành hiệu lệnh, hướng dẫn của người điều khiển giao thông hoặc người kiểm soát giao thông','5000000');
INSERT INTO VIPHAM(MAVIPHAM,TENVIPHAM,MUCPHAT) VALUES('VP0008','Không đảm bảo khoảng cách giữa các xe','1000000');


INSERT INTO LICHSUVIPHAM(MALSVP,MAKH,MAVIPHAM,NGAYVIPHAM) VALUES('LS0001','KH0003','VP0008',TO_DATE('5-03-2022', 'dd-MM-yyyy'));
INSERT INTO LICHSUVIPHAM(MALSVP,MAKH,MAVIPHAM,NGAYVIPHAM) VALUES('LS0002','KH0007','VP0000',TO_DATE('15-03-2022', 'dd-MM-yyyy'));
INSERT INTO LICHSUVIPHAM(MALSVP,MAKH,MAVIPHAM,NGAYVIPHAM) VALUES('LS0003','KH0008','VP0001',TO_DATE('25-03-2022', 'dd-MM-yyyy'));
INSERT INTO LICHSUVIPHAM(MALSVP,MAKH,MAVIPHAM,NGAYVIPHAM) VALUES('LS0004','KH0009','VP0000',TO_DATE('03-04-2022', 'dd-MM-yyyy'));
INSERT INTO LICHSUVIPHAM(MALSVP,MAKH,MAVIPHAM,NGAYVIPHAM) VALUES('LS0005','KH0011','VP0000',TO_DATE('13-04-2022', 'dd-MM-yyyy'));
INSERT INTO LICHSUVIPHAM(MALSVP,MAKH,MAVIPHAM,NGAYVIPHAM) VALUES('LS0006','KH0003','VP0002',TO_DATE('23-04-2022', 'dd-MM-yyyy'));
INSERT INTO LICHSUVIPHAM(MALSVP,MAKH,MAVIPHAM,NGAYVIPHAM) VALUES('LS0007','KH0016','VP0000',TO_DATE('06-05-2022', 'dd-MM-yyyy'));
INSERT INTO LICHSUVIPHAM(MALSVP,MAKH,MAVIPHAM,NGAYVIPHAM) VALUES('LS0008','KH0008','VP0008',TO_DATE('16-05-2022', 'dd-MM-yyyy'));
INSERT INTO LICHSUVIPHAM(MALSVP,MAKH,MAVIPHAM,NGAYVIPHAM) VALUES('LS0009','KH0021','VP0003',TO_DATE('26-05-2022', 'dd-MM-yyyy'));
INSERT INTO LICHSUVIPHAM(MALSVP,MAKH,MAVIPHAM,NGAYVIPHAM) VALUES('LS0010','KH0010','VP0008',TO_DATE('09-06-2022', 'dd-MM-yyyy'));
INSERT INTO LICHSUVIPHAM(MALSVP,MAKH,MAVIPHAM,NGAYVIPHAM) VALUES('LS0011','KH0018','VP0000',TO_DATE('29-06-2022', 'dd-MM-yyyy'));
INSERT INTO LICHSUVIPHAM(MALSVP,MAKH,MAVIPHAM,NGAYVIPHAM) VALUES('LS0012','KH0017','VP0008',TO_DATE('19-06-2022', 'dd-MM-yyyy'));
INSERT INTO LICHSUVIPHAM(MALSVP,MAKH,MAVIPHAM,NGAYVIPHAM) VALUES('LS0013','KH0013','VP0000',TO_DATE('02-07-2022', 'dd-MM-yyyy'));
INSERT INTO LICHSUVIPHAM(MALSVP,MAKH,MAVIPHAM,NGAYVIPHAM) VALUES('LS0014','KH0008','VP0008',TO_DATE('26-07-2022', 'dd-MM-yyyy'));
INSERT INTO LICHSUVIPHAM(MALSVP,MAKH,MAVIPHAM,NGAYVIPHAM) VALUES('LS0015','KH0015','VP0000',TO_DATE('14-07-2022', 'dd-MM-yyyy'));
INSERT INTO LICHSUVIPHAM(MALSVP,MAKH,MAVIPHAM,NGAYVIPHAM) VALUES('LS0016','KH0016','VP0008',TO_DATE('04-07-2022', 'dd-MM-yyyy'));
INSERT INTO LICHSUVIPHAM(MALSVP,MAKH,MAVIPHAM,NGAYVIPHAM) VALUES('LS0017','KH0017','VP0000',TO_DATE('27-07-2022', 'dd-MM-yyyy')); 
INSERT INTO LICHSUVIPHAM(MALSVP,MAKH,MAVIPHAM,NGAYVIPHAM) VALUES('LS0018','KH0008','VP0008',TO_DATE('12-07-2022', 'dd-MM-yyyy'));
INSERT INTO LICHSUVIPHAM(MALSVP,MAKH,MAVIPHAM,NGAYVIPHAM) VALUES('LS0019','KH0024','VP0000',TO_DATE('11-07-2022', 'dd-MM-yyyy'));
INSERT INTO LICHSUVIPHAM(MALSVP,MAKH,MAVIPHAM,NGAYVIPHAM) VALUES('LS0020','KH0025','VP0002',TO_DATE('08-07-2022', 'dd-MM-yyyy'));


INSERT INTO LOAIVE(MALOAIVE,TENLOAIVE) VALUES('LV0001',N'Vé lượt');
INSERT INTO LOAIVE(MALOAIVE,TENLOAIVE) VALUES('LV0002',N'Vé Tháng');
INSERT INTO LOAIVE(MALOAIVE,TENLOAIVE) VALUES('LV0003',N'Vé Quý');

INSERT INTO THEETAG(MAVACHTHE,MAKH,MALOAIVE,MAXE,SODUTK) VALUES('MV0001','KH0001','LV0001','MXL101','1458000');
INSERT INTO THEETAG(MAVACHTHE,MAKH,MALOAIVE,MAXE,SODUTK) VALUES('MV0002','KH0002','LV0003','MXL102','5987000');
INSERT INTO THEETAG(MAVACHTHE,MAKH,MALOAIVE,MAXE,SODUTK) VALUES('MV0003','KH0003','LV0003','MXL103','13758000');
INSERT INTO THEETAG(MAVACHTHE,MAKH,MALOAIVE,MAXE,SODUTK) VALUES('MV0004','KH0004','LV0003','MXL104','4438000');
INSERT INTO THEETAG(MAVACHTHE,MAKH,MALOAIVE,MAXE,SODUTK) VALUES('MV0005','KH0005','LV0003','MXL105','1458000');
INSERT INTO THEETAG(MAVACHTHE,MAKH,MALOAIVE,MAXE,SODUTK) VALUES('MV0006','KH0006','LV0001','MXL106','1683000');
INSERT INTO THEETAG(MAVACHTHE,MAKH,MALOAIVE,MAXE,SODUTK) VALUES('MV0007','KH0007','LV0003','MXL107','5958000');
INSERT INTO THEETAG(MAVACHTHE,MAKH,MALOAIVE,MAXE,SODUTK) VALUES('MV0008','KH0008','LV0003','MXL108','19568000');
INSERT INTO THEETAG(MAVACHTHE,MAKH,MALOAIVE,MAXE,SODUTK) VALUES('MV0009','KH0009','LV0002','MXL109','3458000');
INSERT INTO THEETAG(MAVACHTHE,MAKH,MALOAIVE,MAXE,SODUTK) VALUES('MV0010','KH0010','LV0001','MXL110','2558000');
INSERT INTO THEETAG(MAVACHTHE,MAKH,MALOAIVE,MAXE,SODUTK) VALUES('MV0011','KH0011','LV0002','MXL201','39000');
INSERT INTO THEETAG(MAVACHTHE,MAKH,MALOAIVE,MAXE,SODUTK) VALUES('MV0012','KH0012','LV0002','MXL202','3485000');
INSERT INTO THEETAG(MAVACHTHE,MAKH,MALOAIVE,MAXE,SODUTK) VALUES('MV0013','KH0013','LV0003','MXL203','1458000');
INSERT INTO THEETAG(MAVACHTHE,MAKH,MALOAIVE,MAXE,SODUTK) VALUES('MV0014','KH0014','LV0002','MXL204','9458000');
INSERT INTO THEETAG(MAVACHTHE,MAKH,MALOAIVE,MAXE,SODUTK) VALUES('MV0015','KH0015','LV0003','MXL205','9998000');
INSERT INTO THEETAG(MAVACHTHE,MAKH,MALOAIVE,MAXE,SODUTK) VALUES('MV0016','KH0016','LV0003','MXL206','1458000');
INSERT INTO THEETAG(MAVACHTHE,MAKH,MALOAIVE,MAXE,SODUTK) VALUES('MV0017','KH0017','LV0001','MXL207','8795000');
INSERT INTO THEETAG(MAVACHTHE,MAKH,MALOAIVE,MAXE,SODUTK) VALUES('MV0018','KH0018','LV0003','MXL208','4237000');
INSERT INTO THEETAG(MAVACHTHE,MAKH,MALOAIVE,MAXE,SODUTK) VALUES('MV0019','KH0019','LV0003','MXL209','2456000');
INSERT INTO THEETAG(MAVACHTHE,MAKH,MALOAIVE,MAXE,SODUTK) VALUES('MV0020','KH0020','LV0002','MXL210','2358000');
INSERT INTO THEETAG(MAVACHTHE,MAKH,MALOAIVE,MAXE,SODUTK) VALUES('MV0021','KH0031','LV0002','MXL210','48000');
 



INSERT INTO HOADON(MAHD,MAVACHTHE,MAVIPHAM,MANV,TONGTIEN,NGAYLAP) VALUES('HD0001','MV0001','VP0000','NV0001','35000',TO_DATE('15-09-2022', 'dd-mm-yyyy'));
INSERT INTO HOADON(MAHD,MAVACHTHE,MAVIPHAM,MANV,TONGTIEN,NGAYLAP) VALUES('HD0002','MV0002','VP0000','NV0002','35000',TO_DATE('15-09-2022', 'dd-MM-yyyy'));
INSERT INTO HOADON(MAHD,MAVACHTHE,MAVIPHAM,MANV,TONGTIEN,NGAYLAP) VALUES('HD0003','MV0003','VP0001','NV0003','335000',TO_DATE('15-10-2022', 'dd-MM-yyyy'));
INSERT INTO HOADON(MAHD,MAVACHTHE,MAVIPHAM,MANV,TONGTIEN,NGAYLAP) VALUES('HD0004','MV0004','VP0000','NV0004','35000',TO_DATE('15-11-2022', 'dd-MM-yyyy'));
INSERT INTO HOADON(MAHD,MAVACHTHE,MAVIPHAM,MANV,TONGTIEN,NGAYLAP) VALUES('HD0005','MV0005','VP0000','NV0005','35000',TO_DATE('15-10-2022', 'dd-MM-yyyy'));
INSERT INTO HOADON(MAHD,MAVACHTHE,MAVIPHAM,MANV,TONGTIEN,NGAYLAP) VALUES('HD0006','MV0006','VP0002','NV0006','4035000',TO_DATE('15-09-2022', 'dd-MM-yyyy'));
INSERT INTO HOADON(MAHD,MAVACHTHE,MAVIPHAM,MANV,TONGTIEN,NGAYLAP) VALUES('HD0007','MV0007','VP0000','NV0007','35000',TO_DATE('15-11-2022', 'dd-MM-yyyy'));
INSERT INTO HOADON(MAHD,MAVACHTHE,MAVIPHAM,MANV,TONGTIEN,NGAYLAP) VALUES('HD0008','MV0008','VP0008','NV0008','1035000',TO_DATE('16-11-2022', 'dd-MM-yyyy'));
INSERT INTO HOADON(MAHD,MAVACHTHE,MAVIPHAM,MANV,TONGTIEN,NGAYLAP) VALUES('HD0009','MV0009','VP0000','NV0009','35000',TO_DATE('16-10-2022', 'dd-MM-yyyy'));
INSERT INTO HOADON(MAHD,MAVACHTHE,MAVIPHAM,MANV,TONGTIEN,NGAYLAP) VALUES('HD0010','MV0010','VP0000','NV0010','35000',TO_DATE('16-10-2022', 'dd-MM-yyyy'));
INSERT INTO HOADON(MAHD,MAVACHTHE,MAVIPHAM,MANV,TONGTIEN,NGAYLAP) VALUES('HD0011','MV0011','VP0000','NV0011','35000',TO_DATE('16-10-2022', 'dd-MM-yyyy'));
INSERT INTO HOADON(MAHD,MAVACHTHE,MAVIPHAM,MANV,TONGTIEN,NGAYLAP) VALUES('HD0012','MV0012','VP0008','NV0012','1035000',TO_DATE('16-11-2022', 'dd-MM-yyyy'));
INSERT INTO HOADON(MAHD,MAVACHTHE,MAVIPHAM,MANV,TONGTIEN,NGAYLAP) VALUES('HD0013','MV0013','VP0000','NV0013','35000',TO_DATE('16-11-2022', 'dd-MM-yyyy'));
INSERT INTO HOADON(MAHD,MAVACHTHE,MAVIPHAM,MANV,TONGTIEN,NGAYLAP) VALUES('HD0014','MV0014','VP0008','NV0014','1035000',TO_DATE('16-11-2022', 'dd-MM-yyyy'));
INSERT INTO HOADON(MAHD,MAVACHTHE,MAVIPHAM,MANV,TONGTIEN,NGAYLAP) VALUES('HD0015','MV0015','VP0000','NV0015','35000',TO_DATE('17-11-2022', 'dd-MM-yyyy'));
INSERT INTO HOADON(MAHD,MAVACHTHE,MAVIPHAM,MANV,TONGTIEN,NGAYLAP) VALUES('HD0016','MV0016','VP0000','NV0016','35000',TO_DATE('17-11-2022', 'dd-MM-yyyy'));
INSERT INTO HOADON(MAHD,MAVACHTHE,MAVIPHAM,MANV,TONGTIEN,NGAYLAP) VALUES('HD0017','MV0017','VP0000','NV0017','35000',TO_DATE('17-09-2022', 'dd-MM-yyyy'));
INSERT INTO HOADON(MAHD,MAVACHTHE,MAVIPHAM,MANV,TONGTIEN,NGAYLAP) VALUES('HD0018','MV0018','VP0008','NV0018','1035000',TO_DATE('17-09-2022', 'dd-MM-yyyy'));
INSERT INTO HOADON(MAHD,MAVACHTHE,MAVIPHAM,MANV,TONGTIEN,NGAYLAP) VALUES('HD0019','MV0019','VP0000','NV0019','35000',TO_DATE('17-11-2022', 'dd-MM-yyyy'));
INSERT INTO HOADON(MAHD,MAVACHTHE,MAVIPHAM,MANV,TONGTIEN,NGAYLAP) VALUES('HD0020','MV0020','VP0002','NV0020','4035000',TO_DATE('17-10-2022', 'dd-MM-yyyy'));
INSERT INTO HOADON(MAHD,MAVACHTHE,MAVIPHAM,MANV,TONGTIEN,NGAYLAP) VALUES('HD0021','MV0005','VP0000','NV0001','35000',TO_DATE('17-11-2022', 'dd-MM-yyyy'));
INSERT INTO HOADON(MAHD,MAVACHTHE,MAVIPHAM,MANV,TONGTIEN,NGAYLAP) VALUES('HD0022','MV0005','VP0000','NV0002','35000',TO_DATE('17-08-2022', 'dd-MM-yyyy'));
INSERT INTO HOADON(MAHD,MAVACHTHE,MAVIPHAM,MANV,TONGTIEN,NGAYLAP) VALUES('HD0023','MV0005','VP0000','NV0003','35000',TO_DATE('18-08-2022', 'dd-MM-yyyy'));
INSERT INTO HOADON(MAHD,MAVACHTHE,MAVIPHAM,MANV,TONGTIEN,NGAYLAP) VALUES('HD0024','MV0005','VP0000','NV0004','35000',TO_DATE('18-10-2022', 'dd-MM-yyyy'));
INSERT INTO HOADON(MAHD,MAVACHTHE,MAVIPHAM,MANV,TONGTIEN,NGAYLAP) VALUES('HD0025','MV0005','VP0000','NV0005','35000',TO_DATE('18-10-2022', 'dd-MM-yyyy'));
INSERT INTO HOADON(MAHD,MAVACHTHE,MAVIPHAM,MANV,TONGTIEN,NGAYLAP) VALUES('HD0026','MV0011','VP0000','NV0001','35000',TO_DATE('15-09-2022', 'dd-mm-yyyy'));
INSERT INTO HOADON(MAHD,MAVACHTHE,MAVIPHAM,MANV,TONGTIEN,NGAYLAP) VALUES('HD0027','MV0011','VP0000','NV0003','35000',TO_DATE('15-11-2022', 'dd-mm-yyyy'));
INSERT INTO HOADON(MAHD,MAVACHTHE,MAVIPHAM,MANV,TONGTIEN,NGAYLAP) VALUES('HD0028','MV0011','VP0000','NV0009','35000',TO_DATE('15-09-2022', 'dd-mm-yyyy'));
INSERT INTO HOADON(MAHD,MAVACHTHE,MAVIPHAM,MANV,TONGTIEN,NGAYLAP) VALUES('HD0029','MV0001','VP0000','NV0011','35000',TO_DATE('15-08-2022', 'dd-mm-yyyy'));
INSERT INTO HOADON(MAHD,MAVACHTHE,MAVIPHAM,MANV,TONGTIEN,NGAYLAP) VALUES('HD0030','MV0001','VP0000','NV0013','35000',TO_DATE('15-09-2022', 'dd-mm-yyyy'));
INSERT INTO HOADON(MAHD,MAVACHTHE,MAVIPHAM,MANV,TONGTIEN,NGAYLAP) VALUES('HD0031','MV0001','VP0000','NV0015','35000',TO_DATE('15-11-2022', 'dd-mm-yyyy'));
INSERT INTO HOADON(MAHD,MAVACHTHE,MAVIPHAM,MANV,TONGTIEN,NGAYLAP) VALUES('HD0032','MV0001','VP0000','NV0017','35000',TO_DATE('15-09-2022', 'dd-mm-yyyy'));
INSERT INTO HOADON(MAHD,MAVACHTHE,MAVIPHAM,MANV,TONGTIEN,NGAYLAP) VALUES('HD0033','MV0011','VP0000','NV0019','35000',TO_DATE('15-11-2022', 'dd-mm-yyyy'));
INSERT INTO HOADON(MAHD,MAVACHTHE,MAVIPHAM,MANV,TONGTIEN,NGAYLAP) VALUES('HD0034','MV0001','VP0000','NV0021','35000',TO_DATE('15-08-2022', 'dd-mm-yyyy'));
INSERT INTO HOADON(MAHD,MAVACHTHE,MAVIPHAM,MANV,TONGTIEN,NGAYLAP) VALUES('HD0035','MV0011','VP0000','NV0023','35000',TO_DATE('15-08-2022', 'dd-mm-yyyy'));


INSERT INTO CHITIETHOADON(MAHD,MAXE,MATRAM,NOIDUNG) VALUES('HD0001','MXL101','BOT001','Trả phí qua trạm');	
INSERT INTO CHITIETHOADON(MAHD,MAXE,MATRAM,NOIDUNG) VALUES('HD0002','MXL102','BOT002','Trả phí qua trạm');	
INSERT INTO CHITIETHOADON(MAHD,MAXE,MATRAM,NOIDUNG) VALUES('HD0003','MXL103','BOT003','Trả phí qua trạm, Xử phạt');		
INSERT INTO CHITIETHOADON(MAHD,MAXE,MATRAM,NOIDUNG) VALUES('HD0004','MXL104','BOT004','Trả phí qua trạm');	
INSERT INTO CHITIETHOADON(MAHD,MAXE,MATRAM,NOIDUNG) VALUES('HD0005','MXL105','BOT005','Trả phí qua trạm');		
INSERT INTO CHITIETHOADON(MAHD,MAXE,MATRAM,NOIDUNG) VALUES('HD0006','MXL106','BOT006','Trả phí qua trạm, Xử phạt');	
INSERT INTO CHITIETHOADON(MAHD,MAXE,MATRAM,NOIDUNG) VALUES('HD0007','MXL107','BOT007','Trả phí qua trạm');		
INSERT INTO CHITIETHOADON(MAHD,MAXE,MATRAM,NOIDUNG) VALUES('HD0008','MXL108','BOT008','Trả phí qua trạm, Xử phạt');	
INSERT INTO CHITIETHOADON(MAHD,MAXE,MATRAM,NOIDUNG) VALUES('HD0009','MXL109','BOT009','Trả phí qua trạm');	
INSERT INTO CHITIETHOADON(MAHD,MAXE,MATRAM,NOIDUNG) VALUES('HD0010','MXL110','BOT010','Trả phí qua trạm');		
INSERT INTO CHITIETHOADON(MAHD,MAXE,MATRAM,NOIDUNG) VALUES('HD0011','MXL201','BOT011','Trả phí qua trạm');		
INSERT INTO CHITIETHOADON(MAHD,MAXE,MATRAM,NOIDUNG) VALUES('HD0012','MXL202','BOT012','Trả phí qua trạm, Xử phạt');	
INSERT INTO CHITIETHOADON(MAHD,MAXE,MATRAM,NOIDUNG) VALUES('HD0013','MXL203','BOT013','Trả phí qua trạm');	
INSERT INTO CHITIETHOADON(MAHD,MAXE,MATRAM,NOIDUNG) VALUES('HD0014','MXL204','BOT014','Trả phí qua trạm, Xử phạt');	
INSERT INTO CHITIETHOADON(MAHD,MAXE,MATRAM,NOIDUNG) VALUES('HD0015','MXL205','BOT015','Trả phí qua trạm');		
INSERT INTO CHITIETHOADON(MAHD,MAXE,MATRAM,NOIDUNG) VALUES('HD0016','MXL206','BOT016','Trả phí qua trạm');		
INSERT INTO CHITIETHOADON(MAHD,MAXE,MATRAM,NOIDUNG) VALUES('HD0017','MXL207','BOT017','Trả phí qua trạm');		
INSERT INTO CHITIETHOADON(MAHD,MAXE,MATRAM,NOIDUNG) VALUES('HD0018','MXL208','BOT018','Trả phí qua trạm, Xử phạt');	
INSERT INTO CHITIETHOADON(MAHD,MAXE,MATRAM,NOIDUNG) VALUES('HD0019','MXL209','BOT019','Trả phí qua trạm');	
INSERT INTO CHITIETHOADON(MAHD,MAXE,MATRAM,NOIDUNG) VALUES('HD0020','MXL210','BOT020','Trả phí qua trạm, Xử phạt');
INSERT INTO CHITIETHOADON(MAHD,MAXE,MATRAM,NOIDUNG) VALUES('HD0021','MXL105','BOT041','Trả phí qua trạm');		
INSERT INTO CHITIETHOADON(MAHD,MAXE,MATRAM,NOIDUNG) VALUES('HD0022','MXL105','BOT001','Trả phí qua trạm');		
INSERT INTO CHITIETHOADON(MAHD,MAXE,MATRAM,NOIDUNG) VALUES('HD0023','MXL105','BOT042','Trả phí qua trạm');		
INSERT INTO CHITIETHOADON(MAHD,MAXE,MATRAM,NOIDUNG) VALUES('HD0024','MXL105','BOT041','Trả phí qua trạm');		
INSERT INTO CHITIETHOADON(MAHD,MAXE,MATRAM,NOIDUNG) VALUES('HD0025','MXL105','BOT001','Trả phí qua trạm');		
INSERT INTO CHITIETHOADON(MAHD,MAXE,MATRAM,NOIDUNG) VALUES('HD0026','MXL201','BOT011','Trả phí qua trạm');		
INSERT INTO CHITIETHOADON(MAHD,MAXE,MATRAM,NOIDUNG) VALUES('HD0027','MXL201','BOT011','Trả phí qua trạm');		
INSERT INTO CHITIETHOADON(MAHD,MAXE,MATRAM,NOIDUNG) VALUES('HD0028','MXL201','BOT011','Trả phí qua trạm');		
INSERT INTO CHITIETHOADON(MAHD,MAXE,MATRAM,NOIDUNG) VALUES('HD0029','MXL101','BOT001','Trả phí qua trạm');	
INSERT INTO CHITIETHOADON(MAHD,MAXE,MATRAM,NOIDUNG) VALUES('HD0030','MXL101','BOT001','Trả phí qua trạm');	
INSERT INTO CHITIETHOADON(MAHD,MAXE,MATRAM,NOIDUNG) VALUES('HD0031','MXL101','BOT001','Trả phí qua trạm');	
INSERT INTO CHITIETHOADON(MAHD,MAXE,MATRAM,NOIDUNG) VALUES('HD0032','MXL101','BOT001','Trả phí qua trạm');	
INSERT INTO CHITIETHOADON(MAHD,MAXE,MATRAM,NOIDUNG) VALUES('HD0033','MXL201','BOT011','Trả phí qua trạm');		
INSERT INTO CHITIETHOADON(MAHD,MAXE,MATRAM,NOIDUNG) VALUES('HD0034','MXL101','BOT001','Trả phí qua trạm');	
INSERT INTO CHITIETHOADON(MAHD,MAXE,MATRAM,NOIDUNG) VALUES('HD0035','MXL201','BOT011','Trả phí qua trạm');		


INSERT INTO TAIKHOAN (MATK,MATKHAU,QUYEN,MANV) VALUES('TK0001','123456','1','NV0001');
INSERT INTO TAIKHOAN (MATK,MATKHAU,QUYEN,MANV) VALUES('TK0002','123456789','1','NV0002');
INSERT INTO TAIKHOAN (MATK,MATKHAU,QUYEN,MANV) VALUES('TK0003','anhyeuem','1','NV0003');
INSERT INTO TAIKHOAN (MATK,MATKHAU,QUYEN,MANV) VALUES('TK0004','1234567890','1','NV0004');
INSERT INTO TAIKHOAN (MATK,MATKHAU,QUYEN,MANV) VALUES('TK0005','password','1','NV0005');
INSERT INTO TAIKHOAN (MATK,MATKHAU,QUYEN,MANV) VALUES('TK0006','maiyeuem','1','NV0006');
INSERT INTO TAIKHOAN (MATK,MATKHAU,QUYEN,MANV) VALUES('TK0007','12345678','1','NV0007');
INSERT INTO TAIKHOAN (MATK,MATKHAU,QUYEN,MANV) VALUES('TK0008','1234567','1','NV0008');
INSERT INTO TAIKHOAN (MATK,MATKHAU,QUYEN,MANV) VALUES('TK0009','khongbiet','1','NV0009');
INSERT INTO TAIKHOAN (MATK,MATKHAU,QUYEN,MANV) VALUES('TK0010','123123','1','NV0010');
INSERT INTO TAIKHOAN (MATK,MATKHAU,QUYEN,MANV) VALUES('TK0011','qwerty','1','NV0011');
INSERT INTO TAIKHOAN (MATK,MATKHAU,QUYEN,MANV) VALUES('TK0012','987654321','1','NV0012');
INSERT INTO TAIKHOAN (MATK,MATKHAU,QUYEN,MANV) VALUES('TK0013','qwertyuiop','1','NV0013');
INSERT INTO TAIKHOAN (MATK,MATKHAU,QUYEN,MANV) VALUES('TK0014','1q2w3e4r','1','NV0014');
INSERT INTO TAIKHOAN (MATK,MATKHAU,QUYEN,MANV) VALUES('TK0015','654321','1','NV0015');
INSERT INTO TAIKHOAN (MATK,MATKHAU,QUYEN,MANV) VALUES('TK0016','55555','1','NV0016');
INSERT INTO TAIKHOAN (MATK,MATKHAU,QUYEN,MANV) VALUES('TK0017','123qwe','1','NV0017');
INSERT INTO TAIKHOAN (MATK,MATKHAU,QUYEN,MANV) VALUES('TK0018','zxcvbnm','1','NV0018');
INSERT INTO TAIKHOAN (MATK,MATKHAU,QUYEN,MANV) VALUES('TK0019','asdfghjkl','1','NV0019');
INSERT INTO TAIKHOAN (MATK,MATKHAU,QUYEN,MANV) VALUES('TK0020','1q2w3e','1','NV0020');
INSERT INTO TAIKHOAN (MATK,MATKHAU,QUYEN,MANV) VALUES('TK0021','qwerty','1','NV0021');
INSERT INTO TAIKHOAN (MATK,MATKHAU,QUYEN,MANV) VALUES('TK0022','987654321','1','NV0022');
INSERT INTO TAIKHOAN (MATK,MATKHAU,QUYEN,MANV) VALUES('TK0023','maiyeuvocuanh','1','NV0023');
INSERT INTO TAIKHOAN (MATK,MATKHAU,QUYEN,MANV) VALUES('TK0024','1q2w3e4r','0','NV0041');
INSERT INTO TAIKHOAN (MATK,MATKHAU,QUYEN,MANV) VALUES('TK0025','654321','1','NV0025');
INSERT INTO TAIKHOAN (MATK,MATKHAU,QUYEN,MANV) VALUES('TK0026','sorimongtuyen','1','NV0026');
INSERT INTO TAIKHOAN (MATK,MATKHAU,QUYEN,MANV) VALUES('TK0027','123qwe','1','NV0027');
INSERT INTO TAIKHOAN (MATK,MATKHAU,QUYEN,MANV) VALUES('TK0028','zxcvbnm','1','NV0028');
INSERT INTO TAIKHOAN (MATK,MATKHAU,QUYEN,MANV) VALUES('TK0029','beiucuaanh','1','NV0029');
INSERT INTO TAIKHOAN (MATK,MATKHAU,QUYEN,MANV) VALUES('TK0030','1q2w3e','1','NV0030');
INSERT INTO TAIKHOAN (MATK,MATKHAU,QUYEN,MANV) VALUES('TK0031','123456789','1','NV0031');
INSERT INTO TAIKHOAN (MATK,MATKHAU,QUYEN,MANV) VALUES('TK0032','beiucuaanh','1','NV0032');
INSERT INTO TAIKHOAN (MATK,MATKHAU,QUYEN,MANV) VALUES('TK0033','qwertyuiop','1','NV0033');
INSERT INTO TAIKHOAN (MATK,MATKHAU,QUYEN,MANV) VALUES('TK0034','1q2w3e4r','1','NV0034');
INSERT INTO TAIKHOAN (MATK,MATKHAU,QUYEN,MANV) VALUES('TK0035','maiiuem','1','NV0035');
INSERT INTO TAIKHOAN (MATK,MATKHAU,QUYEN,MANV) VALUES('TK0036','55555','1','NV0036');
INSERT INTO TAIKHOAN (MATK,MATKHAU,QUYEN,MANV) VALUES('TK0037','loveusomuch','1','NV0037');
INSERT INTO TAIKHOAN (MATK,MATKHAU,QUYEN,MANV) VALUES('TK0038','zxcvbnm','1','NV0038');
INSERT INTO TAIKHOAN (MATK,MATKHAU,QUYEN,MANV) VALUES('TK0039','keolimaiman','1','NV0039');
INSERT INTO TAIKHOAN (MATK,MATKHAU,QUYEN,MANV) VALUES('TK0040','chaquyen','1','NV0040');



-- ----------- CẬP NHẬT VÀ XÓA ---------------- --
/*Nhân viên tên Nguyễn Thanh Nguyên có mã nhân viên là : NV0032 chuyển công tác từ thành phố Hồ Chí Minh ra Hưng Yên. 
Vì vậy, cần cập nhật lại địa chỉ nơi ở mới của nhân viên này lên hệ thống.*/
--Câu lệnh.
UPDATE NHANVIEN
 SET DIACHINV = 'SỐ 595 NGUYỄN VĂN LINH, TP. HƯNG YÊN'
 WHERE MANV ='NV0032';
--Kiểm thử.
SELECT MANV, HONV, TENNV, DIACHINV
 FROM NHANVIEN
 WHERE MANV ='NV0032';


/*Khách hàng có mã vạch thẻ là “MV0010” dùng vé lượt. Hiện tại khách hàng này đã mua vé quý dùng để có những ưu đãi. 
Hãy cập nhật mã loại vé cho khách hàng này sang vé quý.*/
--Câu lệnh.
UPDATE THEETAG
SET MALOAIVE = 'LV0003'
WHERE MAVACHTHE = 'MV0010';
--Kiểm thử.
--Hiện thông tin Thẻ Etag của khách hàng có Mã Vạch Thẻ MV0010
SELECT * FROM THEETAG WHERE MAVACHTHE = 'MV0010';



/*Nhân viên tên Nguyễn Thanh Nguyên có mã nhân viên là : NV0032 chuyển công tác từ thành phố Hồ Chí Minh ra Hưng Yên. 
Vì vậy, cần cập nhật lại địa chỉ nơi ở mới của nhân viên này lên hệ thống.*/
--Câu lệnh.
UPDATE NHANVIEN
 SET DIACHINV = 'SỐ 595 NGUYỄN VĂN LINH, TP. HƯNG YÊN'
 WHERE MANV ='NV0032';
--Kiểm thử.
SELECT MANV, HONV, TENNV, DIACHINV
 FROM NHANVIEN
 WHERE MANV ='NV0032';


/*Cập nhật mức phạt của mã vi phạm VP0008 bằng với mức phạt của mã vi phạm VP0006.*/
--Câu lệnh.
UPDATE VIPHAM
SET MUCPHAT = (SELECT MUCPHAT 
FROM VIPHAM 
 WHERE MAVIPHAM = 'VP0006')
WHERE MAVIPHAM = 'VP0008';
--Kiểm thử.
SELECT * FROM VIPHAM 
WHERE MAVIPHAM ='VP0008';


/*
Tăng thêm 100000 cho các nhân viên làm việc tại trạm thu phí tỉnh Quảng Ngãi, mã trạm là BOT029.
*/
UPDATE NHANVIEN
SET LUONG = LUONG + 100000
WHERE MATRAM = 'BOT029';


/*
Giảm 300 cho những vi phạm có mức phạt trên 2000000
*/
UPDATE VIPHAM
SET MUCPHAT = MUCPHAT - 300
 WHERE  MUCPHAT > 2000000;
--Kiểm thử
SELECT * FROM VIPHAM;


/*
Cập nhật lại mật khẩu cho tài khoản có mã tài khoản là TK0026.
*/
UPDATE TAIKHOAN
SET MATKHAU = 'TK0026123'
WHERE MATK ='TK0026';
--Kiểm thử
SELECT MATK, MATKHAU, QUYEN, MANV
FROM TAIKHOAN
WHERE MATK ='TK0026';



/*
Cập nhật lại biển số xe cho khách hàng KH0007 khi khách hàng này đổi sang xe mới nhưng vẫn muốn giữ các dữ liệu cũ trên hệ thống.
*/
UPDATE XE
 SET BIENSOXE = '53K1-72456'
 WHERE MAXE ='MXL104';
--Kiểm thử
SELECT MAXE, BIENSOXE, MAKH, MALOAIXE
FROM XE
WHERE MAXE ='MXL104';


/*
Nhờ những đóng góp cũng như cố gắng trong công việc, công ty quyết định thăng chức cho nhân viên có mã NV0052 từ nhân viên thu phí lên quản lí. ( MCV006 -> MCV003) và cập nhật lại lương là 15000000 
*/
UPDATE NHANVIEN
SET MACV = 'MCV003', LUONG = '15000000'
WHERE MANV ='NV0013';
--Kiểm thử
SELECT MANV, HONV, TENNV, NGAYVAOLAM, LUONG, MACV, MATRAM
FROM NHANVIEN
WHERE MANV ='NV0013';


/*
Ngừng hoạt động thẻ có mã vạch thẻ MV0019  đồng thời xóa toàn bộ hóa đơn của thẻ này ra khỏi hệ thống.
*/
DELETE FROM CHITIETHOADON
 WHERE  MAHD IN (SELECT MAHD 
FROM HOADON 
WHERE  MAVACHTHE = 'MV0019');
--Kiểm thử
SELECT * FROM CHITIETHOADON
WHERE  MAHD IN (SELECT MAHD 
FROM HOADON 
WHERE  MAVACHTHE = 'MV0019');


/*
Sau một thời gian dài hoạt động, công ty cảm thấy có những chức vụ không cần thiết và quyết định chuyển toàn bộ nhân viên đang làm việc tại vị trí đó qua vị trí khác. Vì vậy chúng ta cần xóa đi những chức vụ không có nhân viên.
*/
DELETE FROM CHUCVU e
 WHERE NOT EXISTS (SELECT MANV 
FROM NHANVIEN d
WHERE e.MACV = d.MACV);
--Kiểm thử
SELECT MACV, TENCV
 FROM CHUCVU c
WHERE NOT EXISTS (SELECT NULL 
FROM NHANVIEN n
WHERE n.MACV= c.MACV);


-- ------------------------ TRUY VẤN PL/SQL ----------------- --
/*
Viết cấu lệnh PL/SQL hiển thị số dư tài khoản của khách hàng với mã khách hàng là tham số truyền vào để biết được khách hàng đó còn đủ số dư để qua trạm không?
 Nếu không thì gửi thông báo nhắc nhở số dư tài khoản không đủ.
*/
SET SERVEROUT ON
DECLARE 
    v_MaKH KHACHHANG.MAKH%TYPE:='&MAKH';
    v_SoDu THEETAG.SODUTK%TYPE;
BEGIN
    SELECT MAKH, SODUTK
    INTO v_MaKH, v_SoDu
    FROM THEETAG 
    WHERE MAKH = v_MaKH;
    DBMS_OUTPUT.PUT_LINE('KHÁCH HÀNG '||v_MaKH||' CÓ SỐ DƯ TÀI KHOẢN LÀ: '||v_SoDu);
END;

/*
Viết khối lệnh PL/SQL cho phép người dùng nhập vào mã nhân viên (MANV). Khai báo một type lưu trữ MANV, HONV, TENNV, LƯƠNG VÀ TENCV. Lấy thông tin của nhân viên và nhập dữ liệu vào biến type NHANVIEN_INFO. Sau đó in ra màn hình NHANVIEN_INFO này.
*/
SET SERVEROUTPUT ON
DECLARE
    TYPE NHANVIEN_INFO  IS RECORD ( 
    v_nv_ma NHANVIEN.MANV%TYPE ,
    v_nv_ho NHANVIEN.HONV%TYPE, 
    v_nv_ten NHANVIEN.TENNV%TYPE ,
    v_nv_sal NHANVIEN.LUONG%TYPE ,
    v_cv_name CHUCVU.TENCV%TYPE) ;
    TYPE_NV_INFO NHANVIEN_INFO ;
    v_MANV NHANVIEN.MANV%TYPE :='&MANV';
BEGIN
    SELECT MANV, HONV, TENNV, LUONG , TENCV INTO TYPE_NV_INFO
    FROM NHANVIEN e INNER JOIN CHUCVU d ON e.MACV=d.MACV
    WHERE MANV= v_MANV;
    DBMS_OUTPUT.PUT_LINE('MANV: ' || TYPE_NV_INFO.v_nv_ma
                        ||', HONV: ' || TYPE_NV_INFO.v_nv_ho
                        || ', TENNV: ' || TYPE_NV_INFO.v_nv_ten
                        || ', LUONG: '|| TYPE_NV_INFO.v_nv_sal
                        || ', TENCV: '|| TYPE_NV_INFO.v_cv_name);
END ;


/*
Viết câu lệnh PL/SQL cho biết top n nhân viên có mức lương cao nhất với n được nhập từ bàn phím.
*/
SET SERVEROUT ON;
DECLARE
    v_limit_nv NUMBER:='&enter_nv';
    CURSOR c_salary_high(v_limit_nv NUMBER) IS
    SELECT MANV, HONV, TENNV, LUONG
    FROM NHANVIEN
    ORDER BY LUONG DESC
    FETCH NEXT v_limit_nv  ROWS ONLY ;
    v_salary_high c_salary_high%rowtype;
BEGIN
    OPEN c_salary_high(v_limit_nv);
    LOOP
    FETCH c_salary_high INTO v_salary_high;
    EXIT WHEN c_salary_high%notfound;
    DBMS_OUTPUT.PUT_LINE('MÃ NHÂN VIÊN: '||V_SALARY_HIGH.MANV||','||' HONV: '||V_SALARY_HIGH.HONV||','||' TENNV: '||V_SALARY_HIGH.TENNV||','||' LƯƠNG: '||V_SALARY_HIGH.LUONG);
END LOOP;



/*
Viết câu lệnh PL/SQL in ra danh sách các trạm thu phí BOT với mã tỉnh là tham số truyền vào.
*/
SET SERVEROUTPUT ON
DECLARE
v_MaTinh TRAMTHUPHIBOT.MATINH%TYPE := '&MaTinh';
CURSOR c_TramThuPhiBOT_cur IS
SELECT MATRAM, TENTRAM
FROM TRAMTHUPHIBOT
WHERE MATINH = v_matinh;
v_TramThuPhiBOT_rec c_TramThuPhiBOT_cur%ROWTYPE;
BEGIN
OPEN c_TramThuPhiBOT_cur;
LOOP
FETCH c_TramThuPhiBOT_cur INTO v_TramThuPhiBOT_rec;
EXIT WHEN c_TramThuPhiBOT_cur%NOTFOUND;
DBMS_OUTPUT.PUT_LINE(v_TramThuPhiBOT_rec.MATRAM||': ' ||v_TramThuPhiBOT_rec.TENTRAM);
END LOOP;
CLOSE c_TramThuPhiBOT_cur;
END;



/*
Viết câu lệnh PL/SQL tìm top n chức vụ có ít nhân viên nhất để xem xét tuyển thêm nhân viên cho các vị trí này với n được nhập từ bàn phím.
*/
SET SERVEROUTPUT ON
SET VERIFY OFF
DECLARE  
    v_n NUMBER :=&SoLuongNV;
    v_cv_sl NUMBER;
    v_cv_name CHUCVU.TENCV%TYPE;
    CURSOR c_nv_cur IS
        SELECT COUNT(n.MACV) , TENCV  
        FROM NHANVIEN n, CHUCVU c
        WHERE n.MACV= c.MACV
        GROUP BY n.MACV , TENCV
        ORDER BY COUNT(n.MACV) ASC
        FETCH FIRST v_n ROW ONLY ;
BEGIN
    OPEN c_nv_cur ;
    LOOP
    FETCH c_nv_cur INTO v_cv_sl ,v_cv_name;
    EXIT WHEN c_nv_cur%NOTFOUND;
        DBMS_OUTPUT.PUT_LINE('SỐ LƯỢNG NHÂN VIÊN: '||v_cv_sl||', TÊN CHỨC VỤ LÀ: '||v_cv_name);
    END LOOP;
    CLOSE c_nv_cur;
END;





/*
Viết câu lệnh PL/SQL in ra danh sách các nhân viên có cùng chức vụ với mã chức vụ là tham số truyền vào. Bao gồm các thông tin: Mã nhân viên, họ nhân viên, tên nhân viên, mã chức vụ và tên chức vụ
*/
DECLARE
    v_machucvu NHANVIEN.macv%TYPE := '&machucvu';
    CURSOR nhanvien_cur IS
        SELECT NV.MaNV, NV.HoNV, NV.TenNV, NV.MaCV, CV.TenCV
        FROM NHANVIEN NV, CHUCVU CV
        WHERE NV.MACV = CV.MACV AND NV.MACV = v_machucvu;
    v_nhanvien_rec  nhanvien_cur%ROWTYPE;
BEGIN
    OPEN nhanvien_cur;
    LOOP
    FETCH nhanvien_cur INTO v_nhanvien_rec;
    EXIT WHEN nhanvien_cur%NOTFOUND;
    DBMS_OUTPUT.PUT_LINE('Mã Nhân Viên: '|| v_nhanvien_rec.MaNV
                        ||' - '|| v_nhanvien_rec.HoNV||' '||v_nhanvien_rec.TenNV
                        ||' - '|| v_nhanvien_rec.MaCV||' - ' || v_nhanvien_rec.TenCV );
    END LOOP;
    CLOSE nhanvien_cur;
END;



/*
Viết khối lệnh PL/SQL . Nhập vào ngày lập hóa đơn, in ra thông tin  những khách hàng có hóa đơn trong ngày đó
*/
SET SERVEROUTPUT ON 
DECLARE 
    V_NGAYLAP HOADON.NGAYLAP%TYPE:='&NGAYLAP';
    CURSOR HD_CUR IS 
        SELECT HD.MAHD, HD.MAVACHTHE, HD.NGAYLAP, E.MAKH, KH.HOKH, KH.TENKH
        FROM  HOADON HD, THEETAG E, KHACHHANG KH
        WHERE HD.MAVACHTHE = E.MAVACHTHE AND E.MAKH = KH.MAKH AND NGAYLAP = V_NGAYLAP;
    HD_REC HD_CUR%ROWTYPE;
BEGIN 
    OPEN HD_CUR;
    LOOP
    FETCH HD_CUR INTO HD_REC;
    EXIT WHEN HD_CUR%NOTFOUND;
    DBMS_OUTPUT.PUT_LINE( 'Ngày Lập: '|| HD_REC.NGAYLAP
                        ||' - '|| HD_REC.MAHD 
                        ' - '|| HD_REC.MAVACHTHE 
                        ||' - '|| HD_REC.MAKH  
                        ||' - '|| HD_REC.HOKH  
                        ||' '|| HD_REC.TENKH); 
    END LOOP;
    CLOSE HD_CUR;
END;

/*
Viết khối lệnh PL/SQL lập danh sách các vị trí có nhân viên ít hơn tham số truyền vào.
*/
SET SERVEROUTPUT ON
SET VERIFY OFF
DECLARE
    v_n int := '&sonhanvien';
    v_macv CHUCVU.macv%TYPE;
    v_tencv CHUCVU.tencv%TYPE;
    CURSOR CHUCVU_CUR IS
        SELECT macv, tencv
        FROM chucvu
        WHERE macv IN (SELECT macv FROM nhanvien
        GROUP BY macv
        HAVING COUNT(*) < v_n);
BEGIN
    OPEN CHUCVU_CUR;
    LOOP
    FETCH CHUCVU_CUR INTO v_macv, v_tencv;
    EXIT WHEN CHUCVU_CUR%NOTFOUND;
        DBMS_OUTPUT.PUT_LINE(v_macv||' '||v_tencv);
    END LOOP;
    CLOSE CHUCVU_CUR;
END;



/*
Viết khối lệnh PL/SQL cho phép thông kế lại những thẻ etag của khách hàng có cùng loại vé. Tham số truyền vào là mã loại vé. Thông tin bao gồm: Mã vạch thẻ, mã khách hàng, họ và tên khách hàng, mã loại vé và tên loại vé
*/
DECLARE
    V_MALOAIVE THEETAG.MALOAIVE%TYPE := '&MALOAIVE';
    CURSOR LOAIVE_CUR IS
        SELECT E.MAVACHTHE,E.MAKH,KH.HOKH, KH.TENKH, E.MALOAIVE, LV.TENLOAIVE
        FROM THEETAG E, KHACHHANG KH, LOAIVE LV
        WHERE E.MAKH = KH.MAKH AND E.MALOAIVE = LV.MALOAIVE AND E.MALOAIVE = V_MALOAIVE;
    LOAIVE_REC LOAIVE_CUR%ROWTYPE;
BEGIN
    OPEN LOAIVE_CUR;
    LOOP
    FETCH LOAIVE_CUR INTO LOAIVE_REC;
    EXIT WHEN LOAIVE_CUR%NOTFOUND;
    DBMS_OUTPUT.PUT_LINE( 'Mã vạch thẻ: '|| LOAIVE_REC.MAVACHTHE
                        ||' - '|| LOAIVE_REC.MAKH  
                        ||' - '|| LOAIVE_REC.HOKH  
                        ||' '|| LOAIVE_REC.TENKH
                        ||' - '|| LOAIVE_REC.MALOAIVE 
                        ||' - '|| LOAIVE_REC.TENLOAIVE); 
    END LOOP;
    CLOSE LOAIVE_CUR;
END;


/*
Viết khối lệnh PL/SQL cho phép đếm số nhân viên trong một phòng cụ thể là bao nhiêu người. Tham số truyền vào là mã chức vụ.
*/
DECLARE
    V_MACHUCVU NHANVIEN.MACV%TYPE := '&MACHUCVU';
    CURSOR NHANVIEN_CUR IS
        SELECT COUNT(MACV)
        FROM NHANVIEN
        WHERE MACV = V_MACHUCVU;
    V_SONHANVIEN INT;
BEGIN
    OPEN NHANVIEN_CUR;
    LOOP 
    FETCH NHANVIEN_CUR INTO V_SONHANVIEN;
    EXIT WHEN NHANVIEN_CUR%NOTFOUND;
    DBMS_OUTPUT.PUT_LINE('Số nhân viên trong phòng '||V_MACHUCVU||' là: '|| V_SONHANVIEN); 
    END LOOP;
    CLOSE NHANVIEN_CUR;
END;


/*
Viết khối lệnh PL/SQL cho phép nhập vào số lần vi phạm sau đó lập danh sách các khách hàng có số lần vi phạm lớn hơn hoặc bằng số lần vừa nhập. Thông tin bao gồm: Mã khách hàng, họ và tên.
*/
DECLARE
    V_SOLAN INT := &SOLANVIPHAM;
    CURSOR LSVP_CUR IS
        SELECT KH.MAKH, KH.HOKH, KH.TENKH, COUNT(LS.MAKH) 
        FROM LICHSUVIPHAM LS, KHACHHANG KH
        WHERE LS.MAKH = KH.MAKH
        GROUP BY KH.MAKH, KH.HOKH, KH.TENKH 
        HAVING COUNT(LS.MAKH) >= V_SOLAN;
    LSVP_REC LSVP_CUR%ROWTYPE;
BEGIN
    OPEN LSVP_CUR;
    DBMS_OUTPUT.PUT_LINE('=== DANH SÁCH KHÁCH HÀNG HƠN '|| V_SOLAN||' LẦN VI PHẠM ===');
    LOOP
        FETCH LSVP_CUR INTO LSVP_REC;
        EXIT WHEN LSVP_CUR%NOTFOUND;
        DBMS_OUTPUT.PUT_LINE(LSVP_REC.MAKH||' - '||LSVP_REC.HOKH||' '||LSVP_REC.TENKH);
    END LOOP;
    CLOSE LSVP_CUR;
END;



/*
Viết khối lệnh PL/SQL cho phép lập danh sách những khách hàng vi phạm trong khoảng một khoảng thời gian. Ngày bắt đầu và ngày kết thúc là tham số đầu vào.
*/
SET SERVEROUTPUT ON 
DECLARE 
    v_ngaybd LICHSUVIPHAM.NGAYVIPHAM%TYPE := '&NgayBatDau';
    v_ngaykt LICHSUVIPHAM.NGAYVIPHAM%TYPE := '&NgayKetThuc';
    CURSOR LICHSUVIPHAM_cur IS
        SELECT LS.MALSVP, LS.MAKH, KH.HOKH, KH.TENKH, LS.MAVIPHAM, LS.NGAYVIPHAM
        FROM LICHSUVIPHAM LS JOIN KHACHHANG KH ON LS.MAKH = KH.MAKH
        WHERE  NGAYVIPHAM BETWEEN v_ngaybd AND v_ngaykt;
    LICHSUVIPHAM_rec LICHSUVIPHAM_cur%ROWTYPE;
    v_dem int := 0;
    my_ex EXCEPTION;
BEGIN
    IF v_ngaybd > v_ngaykt
    THEN 
        RAISE my_ex;
    END IF;
    
    OPEN LICHSUVIPHAM_cur;
    LOOP    
        FETCH LICHSUVIPHAM_cur INTO LICHSUVIPHAM_rec;
        EXIT WHEN LICHSUVIPHAM_cur%NOTFOUND;
        DBMS_OUTPUT.PUT_LINE( 'Mã lịch sử vi phạm: '|| LICHSUVIPHAM_rec.MALSVP
                            ||' - '|| LICHSUVIPHAM_rec.MAKH  
                            ||' - '|| LICHSUVIPHAM_rec.HOKH  
                            ||' '|| LICHSUVIPHAM_rec.TENKH
                            ||' - '|| LICHSUVIPHAM_rec.MAVIPHAM                        
                            ||' - '|| LICHSUVIPHAM_rec.NGAYVIPHAM); 
            v_dem := v_dem +1;
    END LOOP;
   
    CLOSE LICHSUVIPHAM_cur;
    IF v_dem = 0
    THEN
        DBMS_OUTPUT.PUT_LINE('Không có hóa đơn nào được lập trong thời gian này');
    END IF;
    EXCEPTION 
        WHEN my_ex THEN 
        DBMS_OUTPUT.PUT_LINE('Ngày bắt đầu phải nhỏ hơn ngày kết thúc');
END;


/*
Viết khối lệnh PL/SQL đếm số trạm thu BOT có trong 1 tỉnh nào đó. Với tham số truyền vào là tên tỉnh.
*/
DECLARE
    V_TENTINHTHANH TINHTHANH.TENTINH%TYPE := '&TENTINHTHANH';
    CURSOR TRAMBOT_CUR IS
        SELECT COUNT(BOT.MATINH)
        FROM TRAMTHUPHIBOT BOT JOIN TINHTHANH TT ON BOT.MATINH = TT.MATINH
        WHERE TT.TENTINH = V_TENTINHTHANH;
    V_SOTRAM INT;
BEGIN
    OPEN TRAMBOT_CUR;
    LOOP    
        FETCH TRAMBOT_CUR INTO V_SOTRAM;
        EXIT WHEN TRAMBOT_CUR%NOTFOUND;
        DBMS_OUTPUT.PUT_LINE(V_TENTINHTHANH||' có '||V_SOTRAM||' trạm thu phí BOT.'); 
    END LOOP;
    CLOSE TRAMBOT_CUR;
END;


/*
Viết câu lệnh PL/SQL nhập vào n cho biết Top n những trạm BOT có nhiều nhân viên làm việc nhất. Với số nguyên n là tham số truyền vào.
*/
SET SERVEROUTPUT ON
SET VERIFY OFF
DECLARE  
    V_N NUMBER :=&SONHANVIEN;
    V_TRAM_C NUMBER;
    V_TENTRAM TRAMTHUPHIBOT.TENTRAM%TYPE;
    CURSOR C_NHANVIEN_CUR IS
        SELECT COUNT(N.MATRAM) , TENTRAM  
        FROM NHANVIEN N, TRAMTHUPHIBOT T 
        WHERE N.MATRAM= T.MATRAM 
        GROUP BY N.MATRAM , TENTRAM
        ORDER BY COUNT(N.MATRAM) DESC
    FETCH FIRST V_N ROW ONLY ;
BEGIN 
    DBMS_OUTPUT.PUT_LINE('== DANH SÁCH ' ||V_N ||' TRẠM CÓ SỐ NHÂN VIÊN NHIỀU NHẤT ==');
    OPEN C_NHANVIEN_CUR ;
    LOOP 
       FETCH C_NHANVIEN_CUR INTO  V_TRAM_C , V_TENTRAM;
       EXIT WHEN C_NHANVIEN_CUR%NOTFOUND;
       DBMS_OUTPUT.PUT_LINE(V_TENTRAM||' ' ||V_TRAM_C);
    END LOOP;
    CLOSE C_NHANVIEN_CUR;
END; 


/*
Viết khối lệnh PL/SQL cho phép in những thông tin cá nhân của khách hàng bằng mã vạch thẻ trên thẻ ETAG.
Thông tin khách hàng bao gồm: Mã vạch thẻ, Mã khách hàng, Họ và tên khách hàng, ngày sinh, giới tính, email, số điện thoại, căn cước công dân.
*/
SET SERVEROUTPUT ON
SET VERIFY OFF
DECLARE  
    V_MaVachThe THEETAG.MaVachThe%TYPE :='&MaVachThe';
    CURSOR KHACHHANG_CUR IS
        SELECT E.MAVACHTHE, KH.MAKH, KH.HOKH, KH.TENKH, KH.NGAYSINHKH,KH.GIOITINHKH,KH.EMAILKH,KH.SDTKH, KH.CCCDKH
        FROM KHACHHANG KH JOIN THEETAG E ON KH.MAKH = E.MAKH
        WHERE E.MAVACHTHE = V_MaVachThe;
    V_KHACHHANG_RECORD KHACHHANG_CUR%ROWTYPE;
BEGIN 
    OPEN KHACHHANG_CUR ;
    LOOP 
       FETCH KHACHHANG_CUR INTO  V_KHACHHANG_RECORD;
       EXIT WHEN KHACHHANG_CUR%NOTFOUND;
       DBMS_OUTPUT.PUT_LINE('Mã Vạch Thẻ: ' ||V_KHACHHANG_RECORD.MAVACHTHE
                            ||' - '|| V_KHACHHANG_RECORD.MAKH
                            ||' - '|| V_KHACHHANG_RECORD.HOKH
                            ||' '|| V_KHACHHANG_RECORD.TENKH
                            ||' - Ngày Sinh: '|| V_KHACHHANG_RECORD.NGAYSINHKH
                            ||' - '|| V_KHACHHANG_RECORD.GIOITINHKH
                            ||' - '|| V_KHACHHANG_RECORD.EMAILKH
                            ||' - '|| V_KHACHHANG_RECORD.SDTKH
                            ||' - '|| V_KHACHHANG_RECORD.CCCDKH );
    END LOOP;
    CLOSE KHACHHANG_CUR;
END; 


/*
Viết khối lệnh PL/SQL cho phép in những thông tin của những khách hàng có số dư tài khoản dưới mức tối thiểu là 50000.
Thông tin khách hàng bao gồm: Mã vạch thẻ, Mã khách hàng, Họ và tên khách hàng, email, số điện thoại, số dư tài khoản.
*/
SET SERVEROUTPUT ON
SET VERIFY OFF
DECLARE  
    CURSOR KHACHHANG_CUR IS
        SELECT E.MAVACHTHE, KH.MAKH, KH.HOKH, KH.TENKH, KH.EMAILKH, KH.SDTKH, E.SODUTK
        FROM KHACHHANG KH JOIN THEETAG E ON KH.MAKH = E.MAKH
        WHERE E.SODUTK <= 50000;
    V_KHACHHANG_RECORD KHACHHANG_CUR%ROWTYPE;
BEGIN 
    OPEN KHACHHANG_CUR ;
    LOOP 
       FETCH KHACHHANG_CUR INTO  V_KHACHHANG_RECORD;
       EXIT WHEN KHACHHANG_CUR%NOTFOUND;
       DBMS_OUTPUT.PUT_LINE(V_KHACHHANG_RECORD.MAVACHTHE
                            ||' - '|| V_KHACHHANG_RECORD.MAKH
                            ||' - '|| V_KHACHHANG_RECORD.HOKH
                            ||' '|| V_KHACHHANG_RECORD.TENKH
                            ||' - '|| V_KHACHHANG_RECORD.EMAILKH
                            ||' - SĐT: '|| V_KHACHHANG_RECORD.SDTKH
                            ||' - Số dư tài khoản: '|| V_KHACHHANG_RECORD.SODUTK );
    END LOOP;
    CLOSE KHACHHANG_CUR;
END; 





/*
Viết khối lệnh PL/SQL cho phép nhập vào mã chức vụ, sau đó xuất ra danh sách các nhân viên có cùng chức vụ đó, và tính thâm niên của từng nhân viên đó. Mã chức vụ là tham số đầu vào.
Thông tin bao gồm: Mã nhân viên, họ tên nhân viên, mã chức vụ, tên chức vụ, thâm niên nhân viên.
*/
SET SERVEROUTPUT ON
SET VERIFY OFF
DECLARE  
    V_MACHUCVU CHUCVU.MACV%TYPE := '&MACHUCVU';
    V_SONAM INT;
    V_HONV NHANVIEN.HONV%TYPE;
    V_TENNV NHANVIEN.TENNV%TYPE;
    V_TENCV CHUCVU.TENCV%TYPE;
    V_MANV NHANVIEN.MANV%TYPE;
    CURSOR NHANVIEN_CUR IS
        SELECT NV.MANV, NV.HONV, NV.TENNV,TO_CHAR(SYSDATE,'yyyy') - TO_CHAR(NV.NGAYVAOLAM,'yyyy'), CV.TENCV
        FROM NHANVIEN NV JOIN CHUCVU CV ON NV.MACV = CV.MACV
        WHERE NV.MACV = V_MACHUCVU;
BEGIN 
    OPEN NHANVIEN_CUR ;
    LOOP 
       FETCH NHANVIEN_CUR INTO  V_MANV, V_HONV, V_TENNV,V_SONAM,V_TENCV;
       EXIT WHEN NHANVIEN_CUR%NOTFOUND;
       DBMS_OUTPUT.PUT_LINE(V_MANV
                            ||' - '|| V_HONV
                            ||' '|| V_TENNV
                            ||' - Mã chức vụ: '|| V_MACHUCVU
                            ||' - '|| V_TENCV
                            ||' - Thâm niên: '|| V_SONAM );
    END LOOP;
    CLOSE NHANVIEN_CUR;
END; 


/*
Viết khối lệnh PL/SQL cho phép tổng số hóa đơn đã được bởi nhân viên cụ thể nào đó. Với mã nhân viên là tham số truyền vào 
Thông tin bao gồm: Mã nhân viên, tên trạm , số hóa đơn đã lập.
*/
SET SERVEROUTPUT ON
SET VERIFY OFF
DECLARE
    MaNhanVien NHANVIEN.MaNV%TYPE := '&MaNhanVien';
    v_soluong int;
    v_tram TRAMTHUPHIBOT.TENTRAM%TYPE;
    v_honv NHANVIEN.HONV%TYPE;
    v_tennv NHANVIEN.TENNV%TYPE;
BEGIN
    SELECT T.TenTram, NV.HONV, NV.TENNV, count(HD.MaHD)into v_tram, v_honv, v_tennv, v_soluong
    FROM NHANVIEN NV JOIN HOADON HD ON NV.MaNV = HD.MaNV
    JOIN TRAMTHUPHIBOT T ON NV.MATRAM = T.MATRAM
    WHERE NV.MaNV = MaNhanVien
    GROUP BY NV.MaNV, T.TenTram,NV.HONV, NV.TENNV ;
    IF v_soluong IS NULL
    THEN
        v_soluong := 0;
    END IF;
    DBMS_OUTPUT.PUT_LINE('Nhân viên có mã: ' || MaNhanVien );
    DBMS_OUTPUT.PUT_LINE('Họ và tên: ' || v_honv || ' '|| v_tennv);
    DBMS_OUTPUT.PUT_LINE('Làm việc tại: ' || v_tram );
    DBMS_OUTPUT.PUT_LINE('Số lượng hóa đơn đã lập: ' || v_soluong );
END;


/*
Viết khối lệnh PL/SQL lập danh sách báo cáo những khách hàng đã từng vi phạm, sắp xếp theo mã khách hàng TĂNG DẦN.
*/
SET SERVEROUTPUT ON
DECLARE
    V_MAKH LICHSUVIPHAM.MAKH%TYPE;
    V_MAVIPHAM LICHSUVIPHAM.MAVIPHAM%TYPE;
    V_TENVIPHAM VIPHAM.TENVIPHAM%TYPE;
    CURSOR KHACHHANGVIPHAM_CUR IS
        SELECT LS.MAKH, LS.MAVIPHAM, VP.TENVIPHAM
        FROM LICHSUVIPHAM LS JOIN VIPHAM VP ON LS.MAVIPHAM = VP.MAVIPHAM
        WHERE  LS.MAVIPHAM NOT IN('VP0000')
        ORDER BY LS.MAKH ASC;
BEGIN
    OPEN KHACHHANGVIPHAM_CUR;
    DBMS_OUTPUT.PUT_LINE('=========== DANH SÁCH LỊCH SỬ VI PHẠM CỦA KHÁCH HÀNG KHÁCH HÀNG ===========');
    LOOP
        FETCH KHACHHANGVIPHAM_CUR INTO V_MAKH, V_MAVIPHAM, V_TENVIPHAM;
        EXIT WHEN KHACHHANGVIPHAM_CUR%NOTFOUND;
        DBMS_OUTPUT.PUT_LINE(V_MAKH||' - '||V_MAVIPHAM||' - "'||V_TENVIPHAM||'"');
    END LOOP;
    CLOSE KHACHHANGVIPHAM_CUR;
END;


/*
Viết khối lệnh PL/SQL cho biết khách hàng đã được bao nhiêu hóa đơn. Tham số truyền vào là mã khách hàng.
Thông tin bao gồm: Mã khách hàng, họ và tên, tổng số hóa đơn.
*/
SET SERVEROUTPUT ON
SET VERIFY OFF
DECLARE
    V_MAKHACHHANG NHANVIEN.MaNV%TYPE := '&MAKHACHHANG';
    v_soluong int;
    v_hokh KHACHHANG.HOKH%TYPE;
    v_tenkh KHACHHANG.TENKH%TYPE;
BEGIN
    SELECT KH.HOKH, KH.TENKH, count(HD.MaHD)into v_hokh, v_tenkh, v_soluong
    FROM THEETAG E 
        JOIN HOADON HD ON E.MAVACHTHE = HD.MAVACHTHE 
        JOIN KHACHHANG KH ON KH.MAKH = E.MAKH
    WHERE KH.MAKH = V_MAKHACHHANG
    GROUP BY E.MAVACHTHE,KH.HOKH, KH.TENKH, KH.MAKH ;
    IF v_soluong IS NULL
    THEN
        v_soluong := 0;
    END IF;
    DBMS_OUTPUT.PUT_LINE('Khách hàng có mã: ' || V_MAKHACHHANG );
    DBMS_OUTPUT.PUT_LINE('Họ và tên khách hàng: ' || v_hokh || ' '|| v_tenkh);
    DBMS_OUTPUT.PUT_LINE('Tổng số hóa đơn: ' || v_soluong );
END;


/*
Viết khối lệnh PL/SQL cho phép nhập vào ngày bắt đầu và ngày kết thúc. Sau đó xuất ra danh sách thống kê hóa đơn được lập trong khoảng thời gian đó.
*/
SET SERVEROUTPUT ON 
DECLARE 
    v_ngaybd HOADON.NGAYLAP%TYPE := '&NgayBatDau';
    v_ngaykt HOADON.NGAYLAP%TYPE := '&NgayKetThuc';
    CURSOR thongke_cur IS
        SELECT MaHD, MAVACHTHE,TONGTIEN, NgayLap
        FROM HOADON
        WHERE NGAYLAP BETWEEN v_ngaybd AND v_ngaykt;
    v_row thongke_cur%ROWTYPE;
    v_dem int := 0;
    my_ex EXCEPTION;
BEGIN
    IF v_ngaybd > v_ngaykt
    THEN 
        RAISE my_ex;
    END IF;
    OPEN thongke_cur;
    LOOP    
        FETCH thongke_cur INTO v_row;
        EXIT WHEN thongke_cur%NOTFOUND;
            DBMS_OUTPUT.PUT_LINE('Mã hóa đơn: '|| v_row.MaHD || 
            ', Ngày lập: '|| to_char(v_row.Ngaylap, 'dd/MM/yyyy') || 
            ', Mã vạch thẻ: '|| v_row.MaVachThe);
            v_dem := v_dem +1;
    END LOOP;
    CLOSE thongke_cur;
    IF v_dem = 0
    THEN
        DBMS_OUTPUT.PUT_LINE('Không có hóa đơn nào được lập trong thời gian này');
    END IF;
    EXCEPTION 
        WHEN my_ex THEN 
        DBMS_OUTPUT.PUT_LINE('Ngày bắt đầu phải nhỏ hơn ngày kết thúc');
END;


/*
Viết khối lệnh PL/SQL cho phép tìm nhân viên có lương lớn hơn hoặc bằng n. Với n là tham số nhập vào.
*/
SET SERVEROUTPUT ON
DECLARE
    V_N NHANVIEN.LUONG%TYPE := &MUCLUONG;
    CURSOR NHANVIEN_CUR IS 
        SELECT MANV, HONV, TENNV, LUONG
        FROM NHANVIEN
        WHERE LUONG >=  V_N;
    NHANVIEN_REC NHANVIEN_CUR%ROWTYPE;
BEGIN
    OPEN NHANVIEN_CUR;
        LOOP
            FETCH NHANVIEN_CUR INTO NHANVIEN_REC;
            EXIT WHEN NHANVIEN_CUR%NOTFOUND;
            DBMS_OUTPUT.PUT_LINE(NHANVIEN_REC.MANV||'   '||NHANVIEN_REC.HONV||'  '||NHANVIEN_REC.TENNV||'  -  '||NHANVIEN_REC.LUONG);
        END LOOP;
     CLOSE NHANVIEN_CUR;
END;





/*
Viết khôi lệnh PL/SQL cho phép in hóa đơn gồm mã hóa đơn, mã vạch thẻ, ngày lập, mã vi phạm, mã trạm, mã xe, tổng tiền, nội dung. Tham số truyền vào là mã hóa đơn.
*/
SET SERVEROUTPUT ON
DECLARE
    V_MAHOADON HOADON.MAHD%TYPE := '&MAHOADON';
    CURSOR HOADON_CUR IS 
        SELECT HD.MAHD, HD.MAVACHTHE, HD.NGAYLAP, HD.MAVIPHAM, CT.MATRAM, CT.MAXE, HD.TONGTIEN, CT.NOIDUNG 
        FROM HOADON HD JOIN CHITIETHOADON CT ON HD.MAHD = CT.MAHD
        WHERE HD.MAHD =  V_MAHOADON;
    HOADON_REC HOADON_CUR%ROWTYPE;
BEGIN
    OPEN HOADON_CUR;
        LOOP
            FETCH HOADON_CUR INTO HOADON_REC;
            EXIT WHEN HOADON_CUR%NOTFOUND;
            DBMS_OUTPUT.PUT_LINE(HOADON_REC.MAHD||' - '
                                ||HOADON_REC.MAVACHTHE||' - '
                                ||HOADON_REC.MAVIPHAM||' - '
                                ||HOADON_REC.MATRAM||' - '
                                ||HOADON_REC.MAXE);
        DBMS_OUTPUT.PUT_LINE('Ngày lập: '||HOADON_REC.NGAYLAP||'.');
        DBMS_OUTPUT.PUT_LINE('Nội dung: '||HOADON_REC.NOIDUNG||'.');
        DBMS_OUTPUT.PUT_LINE('Tổng tiền: '||HOADON_REC.TONGTIEN||'.');
        END LOOP;
     CLOSE HOADON_CUR;
END;

/*
Viết khối lệnh PL/SQL cho phép thống kê những có tổng bao nhiêu người đã phạm vào lỗi n cu thể nào đó. n là mã vi phạm, n là tham số truyền vào .
*/
SET SERVEROUTPUT ON
DECLARE
    V_MAVIPHAM VIPHAM.MAVIPHAM%TYPE := '&MAVIPHAM';
    V_TENVP VIPHAM.TENVIPHAM%TYPE;
    V_SOLAN INT;
    CURSOR LICHSUVP_CUR IS 
        SELECT VP.TENVIPHAM, COUNT(LS.MAVIPHAM)
        FROM LICHSUVIPHAM LS JOIN VIPHAM VP ON LS.MAVIPHAM = VP.MAVIPHAM
        WHERE LS.MAVIPHAM =  V_MAVIPHAM
        GROUP BY VP.TENVIPHAM;
BEGIN
    OPEN LICHSUVP_CUR;
        LOOP
            FETCH LICHSUVP_CUR INTO V_TENVP, V_SOLAN;
            EXIT WHEN LICHSUVP_CUR%NOTFOUND;
            DBMS_OUTPUT.PUT_LINE(V_MAVIPHAM||' - "'||V_TENVP||'" đã có '||V_SOLAN||' lần.');
        END LOOP;
     CLOSE LICHSUVP_CUR;
END;


/*
Viết khối lệnh PL/SQL cho phép đếm có bao nhiêu xe có mã loại xe đó
*/
SET SERVEROUTPUT ON
SET VERIFY OFF
DECLARE
    v_soluong int;
    v_maloaixe XE.MALOAIXE%TYPE := '&MALOAIXE';
    CURSOR XE_CUR IS
        SELECT COUNT(MALOAIXE)
        FROM XE 
        WHERE MALOAIXE = v_maloaixe;
BEGIN
    OPEN XE_CUR;
    LOOP
        FETCH XE_CUR INTO v_soluong;
        EXIT WHEN XE_CUR%NOTFOUND;
        DBMS_OUTPUT.PUT_LINE('Mã loại xe '||v_maloaixe||' có '||v_soluong||' chiếc xe.');
    END LOOP;
    CLOSE XE_CUR;
END;



/*
Viết khối lệnh PL/SQL tính tổng lương phòng ban. Với mã phòng ban là tham số truyền vào.
*/
SET SERVEROUTPUT ON
DECLARE
    V_MACHUCVU CHUCVU.MACV%TYPE := '&MACHUCVU';
    V_TENCV CHUCVU.TENCV%TYPE;
    V_TONGLUONG NHANVIEN.LUONG%TYPE;
    CURSOR NHANVIEN_CUR IS
        SELECT CV.TENCV, SUM(NV.LUONG)
        FROM NHANVIEN NV JOIN CHUCVU CV ON NV.MACV = CV.MACV
        WHERE NV.MACV = V_MACHUCVU
        GROUP BY CV.TENCV;
BEGIN
    OPEN NHANVIEN_CUR;
    LOOP
        FETCH NHANVIEN_CUR INTO V_TENCV, V_TONGLUONG;
        EXIT WHEN NHANVIEN_CUR%NOTFOUND;
        DBMS_OUTPUT.PUT_LINE(V_MACHUCVU||' - '||V_TENCV||' có tổng lương: '||V_TONGLUONG);
    END LOOP;
    CLOSE NHANVIEN_CUR;
END;


/*
Viết khối lệnh PL/SQL cho phép thông kê số lượng nhân viên tại từng trạm thu phí BOT, giảm dần theo số lượng nhân viên
*/
SET SERVEROUTPUT ON
SET VERIFY OFF
DECLARE  
    V_TRAM_C NUMBER;
    V_TENTRAM TRAMTHUPHIBOT.TENTRAM%TYPE;
    CURSOR C_NHANVIEN_CUR IS
        SELECT COUNT(N.MATRAM) , TENTRAM  
        FROM NHANVIEN N, TRAMTHUPHIBOT T 
        WHERE N.MATRAM= T.MATRAM 
        GROUP BY N.MATRAM , TENTRAM
        ORDER BY COUNT(N.MATRAM) DESC;
BEGIN 
    DBMS_OUTPUT.PUT_LINE('== DANH SÁCH SỐ NHÂN VIÊN TẠI TỪNG TRẠM ==');
    OPEN C_NHANVIEN_CUR ;
    LOOP 
       FETCH C_NHANVIEN_CUR INTO  V_TRAM_C , V_TENTRAM;
       EXIT WHEN C_NHANVIEN_CUR%NOTFOUND;
       DBMS_OUTPUT.PUT_LINE(V_TENTRAM||': ' ||V_TRAM_C||' nhân viên');
    END LOOP;
    CLOSE C_NHANVIEN_CUR;
END; 


/*
Viết khối lệnh PL/SQL cho phép tìm kiếm danh sách các xe bằng mã loại xe là tham số đầu vào.
*/
SET SERVEROUTPUT ON
SET VERIFY OFF
DECLARE
    v_maloaixe XE.MALOAIXE%TYPE := '&MALOAIXE';
    CURSOR XE_CUR IS
        SELECT * 
        FROM XE 
        WHERE MALOAIXE = v_maloaixe;
    XE_RECORD XE_CUR%ROWTYPE;
BEGIN
    OPEN XE_CUR;
    LOOP
        FETCH XE_CUR INTO XE_RECORD;
        EXIT WHEN XE_CUR%NOTFOUND;
        DBMS_OUTPUT.PUT_LINE(XE_RECORD.MAXE||' '||XE_RECORD.BIENSOXE||' '||XE_RECORD.MAKH||' '||XE_RECORD.MALOAIXE);
    END LOOP;
    CLOSE XE_CUR;
END;




/*
Viết khối lệnh PL/SQL lập danh sách các nhân viên có thâm niên lớn hơn hoặc bằng số năm truyền vào. Số năm truyền vào là một số nguyên.
Thông tin bao gồm: Mã nhân viên, họ và tên, thâm niên.
*/
 SET SERVEROUTPUT ON
SET VERIFY OFF
DECLARE  
    V_THAMNIEN INT := '&THAMNIEN';
    V_HONV NHANVIEN.HONV%TYPE;
    V_TENNV NHANVIEN.TENNV%TYPE;
    V_MANV NHANVIEN.MANV%TYPE;
    V_N INT;
    CURSOR NHANVIEN_CUR IS
        SELECT NV.MANV, NV.HONV, NV.TENNV,TO_CHAR(SYSDATE,'yyyy') - TO_CHAR(NV.NGAYVAOLAM,'yyyy')
        FROM NHANVIEN NV
        WHERE TO_CHAR(SYSDATE,'yyyy') - TO_CHAR(NV.NGAYVAOLAM,'yyyy') >= V_THAMNIEN ;
BEGIN 
    OPEN NHANVIEN_CUR ;
    DBMS_OUTPUT.PUT_LINE('== DANH SÁCH CÁC NHÂN VIÊN CÓ THÂM NIÊN TỪ '||V_THAMNIEN||' NĂM ==');
    LOOP 
       FETCH NHANVIEN_CUR INTO  V_MANV, V_HONV, V_TENNV,V_N;
       EXIT WHEN NHANVIEN_CUR%NOTFOUND;
       DBMS_OUTPUT.PUT_LINE(V_MANV
                            ||' - '|| V_HONV
                            ||' '|| V_TENNV
                            ||' - Thâm niên: '|| V_N );
    END LOOP;
    CLOSE NHANVIEN_CUR;
END; 


/*
Viết khối lệnh PL/SQL in ra danh sách tổng lương theo chức vụ, giảm dần theo tổng lương. Thông tin bao gồm: Mã chức vụ, tên chức vụ, tổng lương của từng chức vụ.
*/
SET SERVEROUTPUT ON
DECLARE
    V_MACV CHUCVU.MACV%TYPE;
    V_TENCV CHUCVU.TENCV%TYPE;
    V_TONGLUONG NHANVIEN.LUONG%TYPE;
    CURSOR TONGLUONG_CUR IS
        SELECT NV.MACV, CV.TENCV, SUM(NV.LUONG)
        FROM NHANVIEN NV JOIN CHUCVU CV ON NV.MACV = CV.MACV
        GROUP BY NV.MACV, CV.TENCV
        ORDER BY SUM(NV.LUONG) DESC;
BEGIN
    OPEN TONGLUONG_CUR;
    DBMS_OUTPUT.PUT_LINE('== DANH SÁCH CÁC TỔNG LƯƠNG THEO CHỨC VỤ ==');
    LOOP
        FETCH TONGLUONG_CUR INTO V_MACV, V_TENCV, V_TONGLUONG;
        EXIT WHEN TONGLUONG_CUR%NOTFOUND;
        DBMS_OUTPUT.PUT_LINE(V_MACV||' - "'||V_TENCV||'"   - '||V_TONGLUONG||'VNĐ');
        DBMS_OUTPUT.PUT_LINE('');
    END LOOP;
    CLOSE TONGLUONG_CUR;
END;



-- ----------------- VIEW ----------------------------- --
/*
Tạo hoặc thay thế view có tên là vw_toll_emp cho biết:
Mã nhân viên, Họ và tên nhân viên, giới tính, email, số điện thoại, mã chức vụ, chức vụ, mã trạm, tên trạm là nhân viên thu ngân tại các trạm thu phí.
Sắp xếp theo tên nhân viên giảm dần.
*/
CREATE OR REPLACE VIEW vw_toll_emp  
AS
SELECT NV.MANV, NV.HONV, NV.TENNV, NV.GIOITINHNV, NV.EMAILNV, NV.SDTNV, CV.MACV, CV.TENCV, T.MATRAM, T.TENTRAM
FROM NHANVIEN NV, CHUCVU CV, TRAMTHUPHIBOT T
WHERE NV.MACV = 'MCV006' AND NV.MACV = CV.MACV AND NV.MATRAM = T.MATRAM
ORDER BY  NV.TENNV ASC;
--Kiểm thử
SELECT * FROM vw_toll_emp;


/*
Tạo view có tên là car_info cho biết mã xe, biển số, mã khách hàng, mã loại xe, ghi chú xe của tất cả xe
*/
CREATE OR REPLACE VIEW  vw_car_info
AS 
SELECT X.MAXE, X.BIENSOXE, X.MaKH, PT.MaLoaiXe, PT.GHICHU
FROM  XE X, PHUONGTIENTHUPHI PT 
WHERE X.MaLoaiXe = PT.MaLoaiXe; 
--Kiểm thử
SELECT * FROM  vw_car_info;



/*
Tạo hoặc thay thế view có tên bot_info cho biết các trạm tại thành phố Hồ Chí Minh 
*/
CREATE OR REPLACE VIEW vw_HCMC_info  
AS
SELECT BOT.MATRAM, BOT.TENTRAM, BOT.DIACHI, T.MATINH, T.TENTINH
FROM TRAMTHUPHIBOT BOT, TINHTHANH T
WHERE BOT.MATINH = T.MATINH AND T.MATINH = 'TT001';
--Kiểm thử
SELECT * FROM vw_HCMC_info; 


/*
Tạo hoặc thay thế view có tên là vw_account_balance cho biết:
Mã Khách hàng, họ tên khách hàng, số dư tài khoản của các khách hàng có số dư dưới 50000.
Được dùng để xem các khách hàng có có số dư dưới mức tối thiểu.
*/
CREATE OR REPLACE VIEW vw_account_balance  
AS
SELECT E.MAKH, HOKH ||' '|| TENKH AS "HOTENKH", SODUTK AS "SỐ DƯ TÀI KHOẢN"
FROM THEETAG E, KHACHHANG KH 
WHERE SODUTK < 50000 AND E.MAKH = KH.MAKH;
--Kiểm thử
SELECT * FROM vw_account_balance; 



/*
Tạo hoặc thay thế view có tên là vw_error_customer cho biết:
Mã lịch sử vi phạm, và họ tên khách hàng, số lần vi phạm khách hàng vi phạm trên 3 lỗi.
(Dùng để xem xét tịch thu giấy phép lái xe).
*/
CREATE OR REPLACE VIEW vw_error_customer  
AS
SELECT HOKH ||' '|| TENKH AS "HOTENKH", COUNT(LS.MAKH) AS "Số lần"
FROM LICHSUVIPHAM LS, KHACHHANG KH
WHERE LS.MAKH = KH.MAKH
GROUP BY HOKH ||' '|| TENKH 
HAVING COUNT(LS.MAKH) > 3;
--Kiểm thử
SELECT * FROM vw_error_customer; 


-- ------------- STORE PROCEDURE --------------- --
/*
Viết thủ tục có tên proc_recharge cho phép nạp tiền vào thẻ Etag có các tham số mã vạch của thẻ Etag, số tiền cần nạp vào.
Xử lý ngoại lệ: Kiểm tra mã vạch thẻ có tồn tại trong bảng THEETAG hay không? 
Nếu không có in ra thông báo lỗi. Viết khối lệnh PL/SQL thực thi thủ tục.
*/
CREATE OR REPLACE PROCEDURE proc_recharge
    (v_mavachthe IN THEETAG.MAVACHTHE%TYPE,
    v_sotiennap IN THEETAG.SODUTK%TYPE)
IS
    CURSOR theetag_cur IS 
        SELECT * 
        FROM THEETAG;
    v_sodu  THEETAG.SODUTK%TYPE;
    MY_EX EXCEPTION;
BEGIN
    FOR v_rec IN theetag_cur
    LOOP
        IF v_rec.MaVachThe = v_mavachthe
            THEN  v_sodu := v_rec.SODUTK + v_sotiennap;
        ELSE
            RAISE MY_EX;
        END IF;
    END LOOP;
    UPDATE THEETAG 
    SET SODUTK = v_sodu
    WHERE  MAVACHTHE = v_mavachthe;
    EXCEPTION 
    WHEN my_ex THEN
    DBMS_OUTPUT.PUT_LINE('Không có mã vạch thẻ');
END;

--Kiểm thử
----Trường hợp 1: Nhập đúng
SET SERVEROUTPUT ON
DECLARE
BEGIN
    PROC_RECHARGE('MV0001',100000);
END;

----Trường hợp 2: Nhập sai và xử lý ngoại lệ
SET SERVEROUTPUT ON
DECLARE
BEGIN
    PROC_RECHARGE('MV0900',10000);
END;



/*
Tạo thủ tục có tên proc_position_emp tìm kiếm danh sách nhân viên gồm:
Mã nhân viên, họ tên, giới tính, email, số điện thoại, mã chức vụ.
Với mã chức vụ là tham số truyền vào.
*/
CREATE OR REPLACE PROCEDURE PROC_POSITION_EMP
    (V_MACHUCVU NHANVIEN.MACV%TYPE)
IS
    CURSOR EMP_CUR IS
        SELECT * 
        FROM NHANVIEN
        WHERE MACV = V_MACHUCVU;
    V_EMP_REC EMP_CUR%ROWTYPE;
BEGIN 
    OPEN EMP_CUR;
    LOOP
        FETCH EMP_CUR INTO V_EMP_REC;
        EXIT WHEN EMP_CUR%NOTFOUND;
            DBMS_OUTPUT.PUT_LINE ('Mã: '|| V_EMP_REC.MANV
                                || ' - Họ tên: '||V_EMP_REC.HONV || ' ' || V_EMP_REC.TENNV
                                ||' - Giới tính: '|| V_EMP_REC.GIOITINHNV
                                ||' - SĐT: '|| V_EMP_REC.SDTNV
                                ||' - Mã chức vụ: '|| V_EMP_REC.MACV);
    END LOOP;
    CLOSE EMP_CUR;
END;
--Kiểm thử
SET SERVEROUTPUT ON
DECLARE
BEGIN
    PROC_POSITION_EMP ('MCV006');
END;


/*
Viết thủ tục có tham số truyền vào là ngày bắt đầu và ngày kết thúc. 
Truy vấn thông tin của các hóa đơn đã lập từ ngày bắt đầu và ngày kết thúc truyền vào.
Thông tin hiển thị gồm: mã hóa đơn, ngày lập, mã vạch thẻ.
Nếu không có hóa đơn nào được lập trong thời gian truyền vào thì in ra thông báo "Không có hóa đơn nào được lập trong thời gian này"
Xử lý ngoại lệ: Ngày bắt đầu phải nhỏ hơn ngày kết thúc.
*/
CREATE OR REPLACE PROCEDURE PROC_THONGKE_HOADON
    (v_ngaybd HOADON.NGAYLAP%TYPE,
    v_ngaykt HOADON.NGAYLAP%TYPE)
IS
    my_ex EXCEPTION;
    CURSOR c_thongke_cur IS
        SELECT MaHD, MAVACHTHE, NgayLap
        FROM HOADON
        WHERE NGAYLAP BETWEEN v_ngaybd AND v_ngaykt;
    v_row c_thongke_cur%ROWTYPE;
    v_dem int := 0;
BEGIN
    IF v_ngaybd > v_ngaykt
    THEN 
        RAISE my_ex;
    END IF;
    OPEN c_thongke_cur;
    LOOP    
        FETCH c_thongke_cur INTO v_row;
        EXIT WHEN c_thongke_cur%NOTFOUND;
            DBMS_OUTPUT.PUT_LINE('Mã hóa đơn: '|| v_row.MaHD || 
            ', Ngày lập: '|| to_char(v_row.Ngaylap, 'dd/MM/yyyy') || 
            ', Mã vạch thẻ: '|| v_row.MaVachThe);
            v_dem := v_dem +1;
    END LOOP;
   
    CLOSE c_thongke_cur;
    IF v_dem = 0
    THEN
        DBMS_OUTPUT.PUT_LINE('Không có hóa đơn nào được lập trong thời gian này');
    END IF;
    EXCEPTION 
        WHEN my_ex THEN 
        DBMS_OUTPUT.PUT_LINE('Ngày bắt đầu phải nhỏ hơn ngày kết thúc');
END;
--Kiểm thử
----Trường hợp 1: Nhập đúng:
SET SERVEROUTPUT ON
DECLARE
BEGIN
    PROC_THONGKE_HOADON('03-NOV-2022','27-NOV-2022');
END;
----Trường hợp 2: Nhập sai và xử lý lỗi
EXECUTE PROC_THONGKE_HOADON('18-NOV-2022','12-NOV-2022');



/*
Viết thủ tục có các tham số matk,matkhau,quyen,manv và thêm mới tài khoản này vào bảng TAIKHOAN. 
Xử lý ngoại lệ: Kiểm tra manv  có tồn tại trong bảng NHANVIEN hay không? 
Nếu không có in ra thông báo lỗi. Viết khối lệnh PL/SQL thực thi thủ tục.
*/
CREATE OR REPLACE PROCEDURE PROC_ADD_ACCOUNT
    (MATK_IN IN TAIKHOAN.MATK%TYPE,
    MATKHAU_IN IN TAIKHOAN.MATKHAU%TYPE,
    QUYEN_IN IN TAIKHOAN.QUYEN%TYPE,
    MANV_IN IN TAIKHOAN.MANV%TYPE)
IS 
    MY_EX EXCEPTION;
    PRAGMA EXCEPTION_INIT (MY_EX, -02291);
BEGIN 
    INSERT INTO TAIKHOAN VALUES (MATK_IN, MATKHAU_IN, QUYEN_IN, MANV_IN);
    EXCEPTION 
    WHEN MY_EX THEN 
    DBMS_OUTPUT.PUT_LINE('Không tồn tại mã nhân viên trong bảng Nhân Viên');
END;
--Kiểm thử
----Trường hợp 1: Nhập đúng
SET SERVEROUTPUT ON
DECLARE
BEGIN
	PROC_ADD_ACCOUNT('TK0056','ahssiuuu',1,'NV0056');
END;
----Trường hợp 2: Nhập sai và xử lý ngoại lệ
SET SERVEROUTPUT ON
DECLARE
BEGIN
	PROC_ADD_ACCOUNT('TK0990','BLACKVELVET',1,'NV0100');
END;




/*
Tạo thủ tục có tên proc_update_slr cập nhật lương của nhân viên với diều kiện nhân viên nào làm việc trên 2 năm thì tăng lương thêm 2000000, nhân viên làm việc trên 1 năm và duới 2 năm thì tăng lương thêm 1500000, nhân viên nào làm việc đúng 1 năm thì tăng 1000000, còn lại không tăng.
*/
CREATE OR REPLACE PROCEDURE proc_update_slr 
AS
    v_sonam VARCHAR2(2);
    CURSOR c_nhanvien IS 
        SELECT * FROM NHANVIEN;
BEGIN 
    FOR r_nhanvien IN c_nhanvien
    LOOP
        v_sonam := to_char(sysdate,'yyyy') - to_char(r_nhanvien.NGAYVAOLAM,'yyyy');
        IF v_sonam >= 2 
        THEN 
            UPDATE NHANVIEN 
            SET LUONG = LUONG+2000000
            WHERE MaNV = r_nhanvien.MaNV;
            DBMS_OUTPUT.PUT_LINE('Nhân viên: ' || r_nhanvien.TENNV|| ' đã được tăng lương thêm 2.000.000');
        ELSIF v_sonam > 1 
        THEN 
            UPDATE NHANVIEN 
            SET LUONG = LUONG+1500000
            WHERE MaNV = r_nhanvien.MaNV;
            DBMS_OUTPUT.PUT_LINE('Nhân viên: ' || r_nhanvien.TENNV|| ' đã được tăng lương thêm 1.500.000');        
        ELSIF v_sonam = 1
        THEN 
            UPDATE NHANVIEN 
            SET LUONG = LUONG+1000000
            WHERE MaNV = r_nhanvien.MaNV;
            DBMS_OUTPUT.PUT_LINE('Nhân viên: ' || r_nhanvien.TENNV|| ' đã được tăng lương thêm 1.000.000');        
        ELSE 
            DBMS_OUTPUT.PUT_LINE('Các nhân viên còn lại không được tăng');
        END IF;
    END LOOP; 
END;
--Kiểm thử
SET SERVEROUTPUT ON
DECLARE
BEGIN
    proc_update_slr; 
END;




/*
Viết thủ tục có tham số mã số nhân viên, cho biết tổng số hóa đơn mà nhân viên đó đã lập. 
Ngoài ra nhân viên đó đảm làm việc ở trạm thu phí nào.
Xử lý ngoại lệ: Kiểm tra mã nhân viên có trong bảng NHANVIEN không.
*/
CREATE OR REPLACE PROCEDURE proc_nhanvien_hoadon (MaNhanVien IN NHANVIEN.MaNV%TYPE)
IS
v_soluong int;
v_tram TRAMTHUPHIBOT.TENTRAM%TYPE;
BEGIN
SELECT T.TenTram, count(HD.MaHD)into v_tram, v_soluong
FROM NHANVIEN NV JOIN HOADON HD ON NV.MaNV = HD.MaNV
JOIN TRAMTHUPHIBOT T ON NV.MATRAM = T.MATRAM
WHERE NV.MaNV = MaNhanVien
GROUP BY NV.MaNV, T.TenTram;
IF v_soluong IS NULL
THEN
v_soluong := 0;
END IF;
DBMS_OUTPUT.PUT_LINE('Nhân viên có mã: ' || MaNhanVien );
DBMS_OUTPUT.PUT_LINE('Làm việc tại: ' || v_tram );
DBMS_OUTPUT.PUT_LINE('Số lượng hóa đơn đã lập: ' || v_soluong );
EXCEPTION
WHEN NO_DATA_FOUND THEN
DBMS_OUTPUT.PUT_LINE('Mã nhân viên truyền vào không hợp lệ');
END;
--Kiểm thử
----Trường hợp 1: Nhập đúng
SET SERVEROUTPUT ON
DECLARE
BEGIN
PROC_NHANVIEN_HOADON('NV0002');
END;
----Trường hợp 2: Nhập sai và xử lý ngoại lệ
SET SERVEROUTPUT ON
DECLARE
BEGIN
PROC_NHANVIEN_HOADON('NV9999');
END;



-- -------------FUNCTION ---------------- --
/*
Tạo hàm có tên AVG_SALARY tính lương trung bình của nhân viên trong từng trạm thu phí với mã trạm là tham số truyền vào.
*/
CREATE OR REPLACE FUNCTION AVG_SALARY (v_MATRAM IN VARCHAR2)
RETURN VARCHAR2
AS
    TRUNGBINH NUMBER;
BEGIN
    SELECT AVG(LUONG) INTO TRUNGBINH
    FROM NHANVIEN
    WHERE MATRAM = v_MATRAM;
        RETURN TRUNGBINH;
END;
--Kiểm thử
SET SERVEROUTPUT ON
DECLARE
    v_MATRAM NHANVIEN.MATRAM%TYPE := '&v_MATRAM';
BEGIN
 DBMS_OUTPUT.PUT_LINE('LUONG TRUNG BINH LA: ' ||AVG_SALARY(v_MATRAM));
END;




/*
Tạo hàm có tên GET_THOIGIAN_LAMVIEC cho biết thời gian làm việc của nhân viên kể từ ngày vào làm để suy xét tăng lương với tham số truyền vào là mã nhân viên.
Xử lý ngoại lệ: Kiểm tra mã nhân viên có trong bảng nhân viên hay không?
Nếu không có thì báo lỗi. Viết khối lệnh PL/SQL thực thi.
*/
CREATE FUNCTION GET_THOIGIAN_LAMVIEC(var_manv NHANVIEN.MANV%TYPE)
RETURN VARCHAR2 IS
    var_ThoiGianLamViec NUMBER;
BEGIN
    SELECT ROUND(MONTHS_BETWEEN(SYSDATE, NGAYVAOLAM)) INTO var_ThoiGianLamViec
    FROM NHANVIEN
    WHERE  MANV = var_manv;
    RETURN var_ThoiGianLamViec;
    EXCEPTION
    WHEN NO_DATA_FOUND THEN RETURN ('KHONG TIM THAY NHAN VIEN!');
    WHEN OTHERS THEN RETURN ('HAM  LOI!');
END;
--Kiểm thử
SET SERVEROUTPUT ON
DECLARE THOIGIAN NUMBER(20);
BEGIN
    THOIGIAN := GET_THOIGIAN_LAMVIEC('&var_manv');
   DBMS_OUTPUT.PUT_LINE('NHAN VIEN NAY DA LAM VIEC DUOC: '||THOIGIAN|| ' thang');
END;


/*
Tạo hàm có tên f_count_tram đếm số lượng trạm của một tỉnh thành để thuận lợi cho việc điều phối nhân viên tại mỗi trạm với mã tỉnh là tham số truyền vào (MATINH).
Xử lý ngoại lệ: Kiểm tra xem mã tỉnh thành đó có trong hệ thống hay không? Nếu không có thì báo lỗi.
*/
CREATE OR REPLACE FUNCTION f_count_tram (var_matinh TINHTHANH.MATINH%TYPE)
RETURN VARCHAR2 IS
    var_count_SoTram NUMBER;
BEGIN
    SELECT COUNT(MATRAM) INTO var_count_SoTram
    FROM TINHTHANH a JOIN TRAMTHUPHIBOT b ON a.MATINH = b.MATINH
    WHERE a.MATINH = var_matinh;
    RETURN var_count_SoTram;
    EXCEPTION
    WHEN NO_DATA_FOUND THEN RETURN ('KHONG TIM THAY TINH THANH!');
    WHEN OTHERS THEN RETURN ('HAM LOI!');
END;
--Kiểm thử
SET SERVEROUTPUT ON
DECLARE SOLUONGTRAM NUMBER(10);
BEGIN
    SOLUONGTRAM := f_count_tram('&var_matinh');
    DBMS_OUTPUT.PUT_LINE('TONG SO TRAM TRONG TINH NAY LA: '||SOLUONGTRAM|| ' TRAM');
END;



/*
Tạo hàm có tên GET_BIENSOXE với tham số truyền vào là mã xe để nhân viên tại trạm có thể nhanh chóng tìm ra biển số xe đó nếu như xe đó có bất kì vi phạm hay sai sót nào. 
Xử lí ngoại lệ: Kiểm tra xem mã xe này đã được tạo trong hệ thống chưa? Nếu chưa thì báo lỗi.
*/
CREATE OR REPLACE FUNCTION GET_BIENSOXE (v_maxe XE.MAXE%TYPE)
RETURN VARCHAR2 IS
    v_BIENSOXE VARCHAR2(100);
BEGIN
    SELECT XE.BIENSOXE Into v_BIENSOXE 
    FROM XE
    WHERE MAXE = v_maxe;
    RETURN (v_BIENSOXE);
   EXCEPTION
    WHEN NO_DATA_FOUND THEN Return ('KHONG TIM THAY MA XE!');
    WHEN OTHERS THEN RETURN ('HAM Loi!');
END;
--Kiểm thử
SET SERVEROUTPUT ON
DECLARE BIENSOXE VARCHAR2(100);
BEGIN
    BIENSOXE := GET_BIENSOXE ('&v_maxe');
  DBMS_OUTPUT.PUT_LINE('MA XE NAY CO BIEN SO LA: '||BIENSOXE|| '.');
END;



/*
Tạo hàm có tên GET_COUNT_HOADON đếm tống số hóa đơn nhân viên đã lập với tham số truyền vào là mã nhân viên.
Xử lý ngoại lệ.: Kiểm tra xem mã nhân viên này đã được tạo trong hệ thống chưa? Nếu chưa thì báo lỗi
*/
CREATE OR REPLACE FUNCTION GET_COUNT_HOADON
    ( v_MANV NHANVIEN.MANV%type)
RETURN VARCHAR2 
IS
    v_count_TongSoHD NUMBER;
BEGIN
  SELECT COUNT(MAHD) INTO  v_count_TongSoHD 
  FROM HOADON
  WHERE MANV = v_MANV;
  RETURN ( v_count_TongSoHD);
  EXCEPTION
    WHEN NO_DATA_FOUND THEN RETURN ('NHÂN VIÊN CHƯA LẬP HÓA ĐƠN NÀO!');
    WHEN OTHERS THEN RETURN ('HÀM LỖI!');
END;
--Kiểm thử
SET SERVEROUTPUT ON
DECLARE SOLUONGHD NUMBER(10);
BEGIN
    SOLUONGHD := GET_COUNT_HOADON('&v_MANV');
    DBMS_OUTPUT.PUT_LINE('TỔNG SỐ HÓA ĐƠN NHÂN VIÊN NÀY LẬP LÀ: '||SOLUONGHD|| ' HÓA ĐƠN');
END;



/*
Tạo hàm có tên GET_KHACHHANGVP với tham số truyền vào là thời gian vi phạm, trả về giá trị họ tên khách hàng có vi phạm trong ngày đó. Để nhân viên dễ dàng hơn trong việc lập hóa đơn, biên bản xử lí vi phạm.
Xử lý ngoại lệ: Kiểm tra xem ngày đó có khách hàng nào vi phạm không? Nếu không thì báo không có vi phạm nào. 
*/
CREATE OR REPLACE FUNCTION GET_KHACHHANGVP (v_NgayViPham IN LICHSUVIPHAM.NGAYVIPHAM%type)
RETURN Varchar2
IS
    v_HOTENKH VARCHAR2(150):='';
    v_MAKH LICHSUVIPHAM.MAKH %type;
BEGIN
    SELECT MAKH INTO v_MAKH
    FROM LICHSUVIPHAM
    WHERE NGAYVIPHAM = v_NgayViPham;
    IF v_MAKH IS NOT Null
    THEN
        SELECT l.MALSVP||'.'||k.HOKH ||' '||k.TENKH INTO v_HOTENKH
        FROM LICHSUVIPHAM  l JOIN KHACHHANG k ON l.MAKH = k.MAKH
        WHERE k.MAKH = v_MAKH AND l.NGAYVIPHAM = v_NgayViPham;
    END IF;
    RETURN (v_HOTENKH);
    EXCEPTION
        WHEN NO_DATA_FOUND THEN
        DBMS_OUTPUT.PUT_LINE ('CHƯA CÓ VI PHẠM NÀO!!!');
        RETURN (NULL);
END;
--Kiểm thử
SET SERVEROUTPUT ON
DECLARE KHACHHANGVIPHAM VARCHAR2(100);
BEGIN
    KHACHHANGVIPHAM  := GET_KHACHHANGVP ('&v_NgayViPham');
  DBMS_OUTPUT.PUT_LINE('KHÁCH HÀNG VI PHẠM LÀ: '|| KHACHHANGVIPHAM|| '.');
END;

-- ---------------------- TRIGGER ------------------------- --
/*
Tạo ràng buộc toàn vẹn cho phép khi thêm hoặc cập nhật một dòng trên bảng Khách Hàng, sẽ xuất ra câu lệnh thông báo xem câu lệnh được thực thi bởi user nào?
*/
CREATE OR REPLACE TRIGGER trigger_user
BEFORE INSERT OR UPDATE ON KHACHHANG
FOR EACH ROW
ENABLE
DECLARE
    v_user VARCHAR2(20);
BEGIN
    SELECT user INTO v_user FROM Dual;
    IF INSERTING THEN
        DBMS_OUTPUT.PUT_LINE('One Row Inserted By '|| v_user || ' 😺.');
    ELSIF UPDATING THEN
        DBMS_OUTPUT.PUT_LINE('One RowS Updated By '|| v_user || ' 😺.');
    END IF;
END;
--Kiểm thử
----Trường hợp 1: Lệnh Insert 
INSERT INTO KHACHHANG (MAKH, HOKH, TENKH, NGAYSINHKH, GIOITINHKH, DIACHIKH, EMAILKH, SDTKH, CCCDKH) 
VALUES ('KH0050', 'Vũ Vương', 'Vinh', to_date('2002/10/10', 'YYYY-MM-DD'), 'Nam', 'Lê Lợi, Quận 1,TP.HCM', 'vinsama@gmail.com', 0969121241, 098281929481); 
----Trường hợp 2: Lệnh Update
UPDATE KHACHHANG 
SET EMAILKH = 'vuongvinhsama@gmail.com' 
WHERE MAKH = 'KH0050';


/*
Tạo view vw_car_of_cus lưu trữ thông tin mã khách hàng, họ khách hàng, tên khách hàng, mã xe và biển số xe. (Liên kết bảng khách hàng và bảng xe bằng khóa ngoại MaKH).
Sử dụng INSTEAD OF TRIGGER để thực thi trên view vw_car_of_cus cho phép thêm 1 dòng dữ liệu vào view. Và lưu thông tin vừa thêm vào cả 2 bảng Khách Hàng và bảng Xe.
*/
---Lệnh tạo View:
CREATE OR REPLACE VIEW vw_car_of_cus
AS
SELECT KH.MAKH, HOKH , TENKH , X.MAXE, X.BIENSOXE
FROM KHACHHANG KH, XE X 
WHERE X.MAKH = KH.MAKH;
---Lệnh tạo Instead Trigger:
CREATE OR REPLACE TRIGGER Instead_of_update
INSTEAD OF INSERT ON vw_car_of_cus
FOR EACH ROW
BEGIN
INSERT INTO KHACHHANG(MAKH,HOKH, TENKH) VALUES (:NEW.MAKH, :NEW.HOKH, :NEW.TENKH );
INSERT INTO XE (MAXE, BIENSOXE, MAKH) VALUES(:NEW.MAXE, :NEW.BIENSOXE, :NEW.MAKH);
END;
---Kiểm thử
INSERT INTO vw_car_of_cus 
VALUES ('KH0090', 'Lâm Thiên', 'Thư', 'MXL090', '94F1 3979');




/*
Tạo ràng buộc toàn vẹn kiểm tra mỗi khi thêm hoặc cập nhật một dòng dữ liệu trong bảng Hóa Đơn và đưa ra thông báo lỗi nếu nhập ngày lập hóa đơn > ngày hiện hành.
*/
CREATE OR REPLACE TRIGGER trigger_invoicedate
AFTER INSERT OR UPDATE ON HOADON
FOR EACH ROW
DECLARE
BEGIN
    IF (:new.NgayLap > sysdate) then
        DBMS_OUTPUT.PUT_LINE('Thời gian lập hóa đơn phải nhỏ hơn hoặc bằng thời gian hiện tại! 😺');
        RAISE_APPLICATION_ERROR(-20100,'Thời gian lập hóa đơn phải nhỏ hơn hoặc bằng thời gian hiện tại!! 😺', false);
    END IF;
END;
--Kiểm thử
----Trường hợp 1: Lệnh Insert đúng 
INSERT INTO HOADON (MAHD, MAVACHTHE, MAVIPHAM, MANV, TONGTIEN, NGAYLAP) 
VALUES ('HD0049', 'MV0011', 'VP0000', 'NV0023', '35000',TO_DATE('15-11-2022',  'dd-mm-yyyy'));
----Trường hợp 2: Lệnh Insert vi phạm 
INSERT INTO HOADON (MAHD, MAVACHTHE, MAVIPHAM, MANV, TONGTIEN, NGAYLAP) 
VALUES ('HD0050',  'MV0011', 'VP0000', 'NV0023', '35000',TO_DATE('15-12-2022',  'dd-mm-yyyy'));
----Trường hợp 3: Lệnh Update
UPDATE HOADON 
SET NGAYLAP = '15-OCT-22' 
WHERE MAHD = 'HD0050';
----Trường hợp 4: Lệnh Update vi phạm
UPDATE HOADON 
SET NGAYLAP = '15-DEC-22' 
WHERE MAHD = 'HD0001';




/*
Tạo ràng buộc toàn vẹn kiểm tra mỗi khi thêm hoặc cập nhật một dòng dữ liệu trong bảng Hóa Đơn và đưa ra thông báo lỗi nếu tổng tiền của hóa đơn nhỏ hơn 1000đ.
*/
CREATE OR REPLACE TRIGGER trigger_PenaltyPrice
BEFORE INSERT OR UPDATE ON HOADON
FOR EACH ROW
DECLARE
BEGIN
  IF (:new.TONGTIEN < 1000) then
    DBMS_OUTPUT.PUT_LINE('Tổng tiền hóa đơn không được nhỏ hơn 1000đ!😺');
    --Rollback;
    RAISE_APPLICATION_ERROR(-20100,'Tổng tiền hóa đơn không được nhỏ hơn 1000đ!😺', false);
  END IF;
END;
--Kiểm thử
----Trường hợp 1: Lệnh Insert đúng
INSERT INTO HOADON (MAHD, MAVACHTHE, MAVIPHAM, MANV, TONGTIEN, NGAYLAP) 
VALUES ('HD0040', 'MV0012', 'VP0000', 'NV0023', '35000', TO_DATE('15-11-2022',  'dd-mm-yyyy'));
----Trường hợp 2: Lệnh Insert vi phạm
INSERT INTO HOADON (MAHD, MAVACHTHE, MAVIPHAM, MANV, TONGTIEN, NGAYLAP) 
VALUES ('HD0041', 'MV0011', 'VP0000', 'NV0023', '500', TO_DATE('15-11-2022', 'dd-mm-yyyy'));
----Trường hợp 3: Lệnh Update đúng
UPDATE HOADON 
SET TONGTIEN = 36000 
WHERE MAHD = 'HD0002';
----Trường hợp 4: Lệnh Update vi phạm
UPDATE HOADON 
SET TONGTIEN = 600 
WHERE MAHD = 'HD0002';




